name,lat,lon,source
AAALL,42.12019,-71.14176,faa-nasr
AADMS,42.58543,-71.31892,faa-nasr
AALYS,44.67318,-69.06966,faa-nasr
AASUM,43.66647,-70.23261,faa-nasr
ABAGU,52.50333,-7.64667,ie-aip
ABSUN,54.29228,-6.25493,uk-aip
ACADN,44.66667,-64.0,faa-nasr
ACCOW,44.70258,-71.24414,faa-nasr
ACOPA,42.30964,-71.39743,faa-nasr
ACTON,46.04272,-67.78101,faa-nasr
ACUGO,44.13311,-70.40526,faa-nasr
ACUHA,44.30907,-68.71431,faa-nasr
ACYOG,44.54689,-69.21524,faa-nasr
ADARA,51.5,-15.0,ie-aip
ADASI,59.22088,-6.29207,uk-aip
ADBUS,54.41667,-12.5,ie-aip
ADDDA,42.60563,-70.78207,faa-nasr
ADHAV,51.91469,-5.23014,uk-aip
ADHER,41.78869,-70.46523,faa-nasr
ADICE,43.32381,-71.21865,faa-nasr
ADILE,44.48362,-69.0666,faa-nasr
ADMUP,52.8,-6.23333,ie-aip
ADODO,58.5,-10.0,uk-aip
ADRUD,49.17056,-6.44861,uk-aip
ADVAT,45.0,-9.46978,uk-aip
AFHAS,41.19341,-70.34603,faa-nasr
AGFAR,44.02453,-70.22429,faa-nasr
AGINI,53.15556,-8.57944,ie-aip
AGIXE,44.52047,-70.44255,faa-nasr
AGORI,57.0,-13.0,uk-aip
AGZAF,47.32341,-68.42955,faa-nasr
AHHOT,47.24723,-68.19537,faa-nasr
AHIZI,46.33593,-68.14185,faa-nasr
AHOLA,46.06018,-67.8468,faa-nasr
AHRON,43.67892,-70.2108,faa-nasr
AIMME,43.66831,-70.66704,faa-nasr
AJJAY,43.72793,-69.60228,faa-nasr
AKIGO,53.84167,-7.93472,ie-aip
AKIVO,59.96433,-9.5,uk-aip
AKMUY,45.26018,-67.65997,faa-nasr
AKOPE,41.87151,-70.66394,faa-nasr
AKUDE,45.40713,-68.57579,faa-nasr
AKYAK,47.07054,-68.08187,faa-nasr
ALAAN,44.38476,-68.30833,faa-nasr
ALBOW,41.03446,-71.97519,faa-nasr
ALCIE,44.13443,-68.7107,faa-nasr
ALENE,43.53645,-70.43118,faa-nasr
ALFFF,42.34368,-70.97689,faa-nasr
ALICV,46.12266,-67.84903,faa-nasr
ALIEH,43.72302,-70.80636,faa-nasr
ALLEX,44.41667,-67.0,faa-nasr
ALLEY,41.69898,-71.39759,faa-nasr
ALLPO,44.60147,-70.14644,faa-nasr
ALLRY,50.5,-52.0,faa-nasr
ALNIC,45.15723,-68.39611,faa-nasr
ALOCO,44.37777,-71.27573,faa-nasr
ALOTY,41.87746,-70.37524,faa-nasr
ALSOP,56.86667,-62.16667,faa-nasr
ALUTA,49.00518,-7.49812,uk-aip
AMCON,55.57532,-6.64374,uk-aip
AMDEP,51.56667,-11.21667,ie-aip
AMLAD,56.26455,-10.0,uk-aip
AMPOP,49.52991,-6.15079,uk-aip
AMTAP,58.37371,-9.5,uk-aip
ANATI,47.75648,-69.58869,faa-nasr
ANCER,48.55833,-69.42167,faa-nasr
ANCOR,43.99775,-69.11753,faa-nasr
ANDRU,43.90275,-70.78254,faa-nasr
ANEES,44.64908,-71.99856,faa-nasr
ANIER,43.59297,-71.65462,faa-nasr
ANSLY,41.92388,-70.97189,faa-nasr
ANSYN,44.74612,-70.00251,faa-nasr
ANTOV,45.42768,-71.02322,faa-nasr
ANUDE,45.12752,-69.38629,faa-nasr
APGUY,43.68141,-71.27112,faa-nasr
APOCO,45.71192,-69.63907,faa-nasr
APSOV,55.82301,-10.0,uk-aip
ARARR,43.63244,-70.62297,faa-nasr
ARBEC,44.60945,-68.46165,faa-nasr
ARCAV,40.96605,-71.79878,faa-nasr
ARKIL,50.65778,-8.0,uk-aip
ARMIE,43.21062,-70.5123,faa-nasr
ARMUN,42.39256,-70.07863,faa-nasr
ASACU,42.97995,-71.45088,faa-nasr
ASHIP,41.72785,-70.18279,faa-nasr
ASHWY,41.40537,-71.78451,faa-nasr
ASINE,44.54684,-68.67932,faa-nasr
ASKEW,41.59222,-70.37198,faa-nasr
ASKUP,53.8925,-6.10889,ie-aip
ASPEN,42.81599,-70.9115,faa-nasr
ASVAY,43.34753,-71.02936,faa-nasr
ASVEY,43.6646,-70.27411,faa-nasr
ATENE,46.23755,-70.25803,faa-nasr
ATIFU,43.85819,-69.38494,faa-nasr
ATSIX,60.0,-10.0,uk-aip
ATSUR,50.0,-14.0,uk-aip
ATVUW,44.86859,-69.07201,faa-nasr
AUBIN,43.86,-70.40217,faa-nasr
AUTUM,42.55033,-71.59232,faa-nasr
AVAST,41.92231,-64.87931,faa-nasr
AVMAW,44.16252,-69.47756,faa-nasr
AVOIL,43.93329,-69.76185,faa-nasr
AVONN,41.63592,-71.20726,faa-nasr
AVPUT,65.03333,-60.0,faa-nasr
AVUTI,57.46667,-58.0,faa-nasr
AVZAC,51.77695,-5.06544,uk-aip
AWLIN,41.55624,-71.99916,faa-nasr
AXITE,42.64917,-71.56442,faa-nasr
AYBEE,42.44056,-70.52791,faa-nasr
AYEDE,41.84306,-70.80406,faa-nasr
AYETU,44.53092,-70.5381,faa-nasr
AYUHH,44.20227,-70.05988,faa-nasr
AYUYU,44.53187,-67.3769,faa-nasr
AYZOO,44.42266,-71.67866,faa-nasr
BABET,41.39441,-71.95754,faa-nasr
BABGU,54.27759,-5.27363,uk-aip
BABZE,44.76417,-70.11818,faa-nasr
BACAP,45.64726,-69.77297,faa-nasr
BADCA,42.60776,-71.712,faa-nasr
BADTA,41.4466,-71.27181,faa-nasr
BAGCE,44.11362,-70.46919,faa-nasr
BAGSO,53.67999,-5.5,uk-aip
BAILI,43.68746,-69.912,faa-nasr
BAKOX,53.52872,-5.15918,uk-aip
BAKUR,52.24156,-5.68023,uk-aip
BALIX,59.0,-10.0,uk-aip
BALLK,45.37056,-68.53912,faa-nasr
BAMKE,44.41929,-68.63836,faa-nasr
BAMLI,54.14111,-6.65111,uk-aip
BANBA,51.95281,-6.23905,uk-aip
BANFF,42.36359,-70.96864,faa-nasr
BANGG,44.08574,-68.63676,faa-nasr
BANKI,41.59566,-71.86768,faa-nasr
BANST,43.78651,-70.24144,faa-nasr
BANTE,43.55949,-70.25443,faa-nasr
BARBB,43.35028,-70.42,faa-nasr
BAREE,48.14694,-69.3,faa-nasr
BARHA,44.4883,-68.32754,faa-nasr
BARKU,60.60489,-9.4101,uk-aip
BARRW,44.72642,-69.76671,faa-nasr
BARYS,41.70986,-71.66864,faa-nasr
BASEZ,42.58927,-71.84334,faa-nasr
BASUU,42.88829,-71.64686,faa-nasr
BAZQE,43.8437,-69.91827,faa-nasr
BBJAN,44.8329,-68.51582,faa-nasr
BBOGG,42.09916,-70.68585,faa-nasr
BCATS,42.49608,-71.84275,faa-nasr
BECHH,42.3369,-70.83791,faa-nasr
BECRA,44.64632,-68.23739,faa-nasr
BEDNY,43.92801,-70.54941,faa-nasr
BEDOW,41.3074,-70.69517,faa-nasr
BEDRA,49.0,-15.0,uk-aip
BEEKN,43.34776,-70.7473,faa-nasr
BEGAS,45.0,-9.0,uk-aip
BEGID,56.5,-14.0,uk-aip
BEGOW,44.51718,-70.45558,faa-nasr
BEHYO,44.54362,-69.16068,faa-nasr
BEJCU,44.79845,-70.00421,faa-nasr
BELZU,54.66111,-6.23,uk-aip
BENJY,44.59534,-69.76554,faa-nasr
BENNN,42.17952,-70.75793,faa-nasr
BENNT,41.23698,-70.66923,faa-nasr
BEPAN,52.52667,-6.26361,ie-aip
BEPAY,41.45323,-70.54346,faa-nasr
BEREI,42.00891,-70.80576,faa-nasr
BERUS,63.0,-63.0,faa-nasr
BERUX,45.0,-11.0,uk-aip
BERVE,44.22652,-70.58995,faa-nasr
BESGA,60.78959,-7.91271,uk-aip
BEVDE,43.7349,-71.95489,faa-nasr
BEVIN,41.64414,-71.33965,faa-nasr
BEXET,54.0,-14.0,ie-aip
BEYDA,43.60944,-70.28863,faa-nasr
BEYEL,41.63972,-71.45154,faa-nasr
BGDIG,42.29401,-70.93392,faa-nasr
BIBLA,51.13583,-8.91,ie-aip
BICMU,46.90745,-67.90406,faa-nasr
BIDDE,43.35227,-70.35318,faa-nasr
BIDGE,44.93192,-69.61187,faa-nasr
BILJE,42.09697,-70.93138,faa-nasr
BILLS,43.62685,-71.87369,faa-nasr
BILLY,60.0196,-8.56896,uk-aip
BILTO,56.5,-15.0,uk-aip
BIMGO,49.5,-14.0,uk-aip
BIPNE,45.14633,-69.9998,faa-nasr
BIROW,47.20412,-68.06379,faa-nasr
BLACA,54.88333,-5.15887,uk-aip
BLAHM,44.42199,-69.00303,faa-nasr
BLEBS,41.69066,-70.94442,faa-nasr
BLENO,42.91528,-71.07871,faa-nasr
BLLAS,45.26491,-68.52944,faa-nasr
BLOKK,41.17606,-71.48066,faa-nasr
BLSSM,43.08081,-71.56631,faa-nasr
BLUUM,43.05077,-71.50414,faa-nasr
BLZZR,42.21733,-71.76016,faa-nasr
BOATE,41.38429,-68.06607,faa-nasr
BOATT,42.34211,-70.7538,faa-nasr
BOATZ,42.1513,-70.55981,faa-nasr
BOBTU,44.11722,-52.82222,faa-nasr
BODYA,42.12165,-71.13221,faa-nasr
BOFUM,53.53722,-5.5,uk-aip
BOGEY,41.71844,-70.19767,faa-nasr
BOGRT,42.23224,-71.51871,faa-nasr
BOHOS,44.82176,-69.6072,faa-nasr
BOKTO,56.96667,-58.0,faa-nasr
BOMLY,41.04034,-70.14303,faa-nasr
BONNI,41.53534,-71.10846,faa-nasr
BORQE,40.99215,-69.60216,faa-nasr
BORUB,52.53917,-63.12333,faa-nasr
BOSOX,42.20189,-71.62768,faa-nasr
BOTTS,43.79612,-70.21739,faa-nasr
BOUSE,45.62589,-70.07189,faa-nasr
BOWDO,44.03159,-69.93781,faa-nasr
BOWLE,41.6111,-70.22015,faa-nasr
BOWST,46.03609,-67.89223,faa-nasr
BOXBU,40.21889,-68.53197,faa-nasr
BOXRS,42.10451,-71.07151,faa-nasr
BOYCC,42.93917,-69.33307,faa-nasr
BOYNE,53.76711,-5.5,uk-aip
BRADD,43.15,-67.0,faa-nasr
BRADI,45.15071,-69.26791,faa-nasr
BRAGA,41.61692,-71.11398,faa-nasr
BRGIT,42.55698,-70.69786,faa-nasr
BRICA,42.71367,-71.11347,faa-nasr
BRKLN,45.95619,-67.93193,faa-nasr
BRLIN,44.63356,-71.1862,faa-nasr
BRNDI,43.706,-70.21959,faa-nasr
BRNNS,43.9024,-69.94522,faa-nasr
BRODI,42.38694,-70.92174,faa-nasr
BRONC,42.51498,-71.72267,faa-nasr
BRRRO,42.33355,-70.80152,faa-nasr
BRSKI,43.59381,-71.17803,faa-nasr
BRUCE,56.2364,-5.84114,uk-aip
BRUNL,42.45538,-70.62759,faa-nasr
BRUWN,41.60269,-70.22939,faa-nasr
BRYSL,42.80501,-71.24532,faa-nasr
BSCOT,45.3338,-68.51893,faa-nasr
BTSEE,43.70026,-70.25926,faa-nasr
BUCYK,42.29336,-70.68376,faa-nasr
BUDAR,50.0,-52.0,faa-nasr
BUDLY,41.58339,-70.60182,faa-nasr
BUKER,44.44337,-71.0948,faa-nasr
BUKRE,44.08796,-70.37246,faa-nasr
BUNED,52.62278,-6.63,ie-aip
BUNON,52.375,-9.54361,ie-aip
BUOYS,41.19429,-70.41826,faa-nasr
BUOYY,42.43484,-70.77352,faa-nasr
BURAC,44.59214,-71.53804,faa-nasr
BURDY,41.95532,-70.95207,faa-nasr
BURRK,41.97727,-70.65566,faa-nasr
BUSKS,44.31211,-70.59545,faa-nasr
BUTRE,41.47532,-70.72411,faa-nasr
BUVKE,41.75678,-70.89902,faa-nasr
BUXTO,43.65992,-70.53777,faa-nasr
BUYLA,41.68926,-70.48787,faa-nasr
BUYRO,45.62704,-70.15863,faa-nasr
BUZRD,41.54608,-70.96408,faa-nasr
BYLND,42.54698,-71.09838,faa-nasr
BYSEA,42.46478,-71.18835,faa-nasr
CABCI,44.82221,-71.71532,faa-nasr
CABEB,44.14974,-70.35121,faa-nasr
CABUL,46.58023,-68.02442,faa-nasr
CACVA,42.39671,-71.36498,faa-nasr
CADAS,42.33483,-71.06766,faa-nasr
CADEG,43.29889,-71.82241,faa-nasr
CADEL,45.56494,-69.69212,faa-nasr
CAGGY,44.25427,-68.60507,faa-nasr
CAGMU,43.95174,-71.0993,faa-nasr
CAKLO,45.15106,-67.24873,faa-nasr
CAKUP,45.62793,-70.22987,faa-nasr
CALED,41.80773,-70.44277,faa-nasr
CALMM,42.35724,-70.55379,faa-nasr
CAMPO,45.44721,-70.34854,faa-nasr
CAMTN,43.88389,-71.65583,faa-nasr
CAMWI,42.51166,-71.15266,faa-nasr
CANAL,42.66903,-70.02271,faa-nasr
CANME,45.48786,-67.62133,faa-nasr
CANZI,51.02258,-6.97001,uk-aip
CAPUK,45.11933,-69.14978,faa-nasr
CARAC,43.0,-60.0,faa-nasr
CARAY,43.11489,-70.85348,faa-nasr
CARDA,44.68109,-68.3435,faa-nasr
CARED,42.9316,-71.18841,faa-nasr
CARMR,43.7987,-69.92582,faa-nasr
CATIE,41.3456,-71.81059,faa-nasr
CATUT,44.50206,-69.03115,faa-nasr
CAVDO,42.05863,-71.20777,faa-nasr
CAVIL,44.99208,-68.60478,faa-nasr
CAXEN,44.37137,-70.70769,faa-nasr
CAXIX,44.93544,-67.06087,faa-nasr
CAYOS,44.98285,-68.11912,faa-nasr
CBEAR,42.25554,-71.16008,faa-nasr
CBIRD,44.84274,-71.10121,faa-nasr
CBURN,44.54273,-69.16357,faa-nasr
CDIHE,42.0,-68.65833,faa-nasr
CDLAC,44.54944,-68.29968,faa-nasr
CDOGG,43.46409,-71.14106,faa-nasr
CEDAP,43.96309,-68.9349,faa-nasr
CEDUX,44.34768,-71.99121,faa-nasr
CEFOU,47.73722,-69.0,faa-nasr
CEGSO,41.64649,-70.68356,faa-nasr
CEKAY,43.02072,-70.42355,faa-nasr
CELAN,42.28326,-71.59444,faa-nasr
CELOV,43.60663,-70.12235,faa-nasr
CELTK,42.2664,-70.10343,faa-nasr
CELTS,42.21308,-70.81458,faa-nasr
CEMKU,43.82508,-70.23441,faa-nasr
CENLA,44.47759,-71.6377,faa-nasr
CEPGU,41.59183,-71.40562,faa-nasr
CEPIG,41.56675,-71.23491,faa-nasr
CEPKO,44.20566,-70.23601,faa-nasr
CEPUL,41.77723,-69.72017,faa-nasr
CEROD,41.32036,-70.14354,faa-nasr
CESGE,47.36661,-68.56334,faa-nasr
CESHL,43.85564,-69.63831,faa-nasr
CESUG,46.83305,-68.32764,faa-nasr
CEYAN,44.81652,-67.51691,faa-nasr
CEZAC,44.00669,-69.44617,faa-nasr
CFBPF,45.01322,-71.51877,faa-nasr
CFCDV,41.8951,-71.28232,faa-nasr
CFCFW,41.76137,-70.12962,faa-nasr
CFCGF,42.57749,-70.92432,faa-nasr
CFCHV,43.02849,-71.39369,faa-nasr
CFCMV,43.67827,-70.17182,faa-nasr
CFDWP,42.71536,-71.11856,faa-nasr
CFEKW,43.63517,-70.22073,faa-nasr
CFFBW,42.3544,-70.93739,faa-nasr
CFFCB,45.62795,-70.24159,faa-nasr
CFFCM,43.66261,-70.26664,faa-nasr
CFFCN,42.40714,-70.86406,faa-nasr
CFFCS,42.3726,-70.85956,faa-nasr
CFFFR,42.29223,-70.84751,faa-nasr
CFFGZ,41.76562,-71.32433,faa-nasr
CFFHB,41.81047,-71.41951,faa-nasr
CFFHC,41.67923,-71.55588,faa-nasr
CFLSR,42.25784,-71.70354,faa-nasr
CFLTA,41.86677,-71.27522,faa-nasr
CFMCB,41.562,-70.35485,faa-nasr
CFMDR,42.58793,-71.25963,faa-nasr
CFNZZ,44.99096,-70.65578,faa-nasr
CFQJR,43.60705,-70.17282,faa-nasr
CFTZC,41.59167,-71.28432,faa-nasr
CFVBT,45.62808,-70.24159,faa-nasr
CFVGQ,42.98621,-71.52778,faa-nasr
CFVKH,44.99334,-69.09817,faa-nasr
CFVWJ,42.84257,-71.44277,faa-nasr
CHELC,42.42452,-70.97623,faa-nasr
CHERN,42.82343,-71.60222,faa-nasr
CHERS,42.40514,-70.92988,faa-nasr
CHKST,42.39861,-71.69063,faa-nasr
CHOPY,41.5317,-70.45374,faa-nasr
CHRIT,44.97962,-67.47203,faa-nasr
CHWDA,43.95257,-70.3443,faa-nasr
CHWDH,42.30432,-70.72971,faa-nasr
CIBEV,44.63995,-67.44101,faa-nasr
CINBO,41.59702,-70.70451,faa-nasr
CIRIR,41.79173,-71.15151,faa-nasr
CIYEP,45.97463,-67.92105,faa-nasr
CLAMY,41.17778,-70.53527,faa-nasr
CLAVY,64.23333,-59.0,faa-nasr
CLAWW,42.39048,-70.81251,faa-nasr
CLBEE,44.47058,-69.58829,faa-nasr
CLETR,42.5051,-71.68086,faa-nasr
CLMPP,42.47993,-70.72644,faa-nasr
CLNNT,42.09889,-71.31953,faa-nasr
CLOWW,42.73153,-71.85458,faa-nasr
CNOLI,42.44846,-70.86556,faa-nasr
COBER,41.13397,-71.83905,faa-nasr
COFIE,41.85213,-71.41876,faa-nasr
COGDO,42.45577,-71.41744,faa-nasr
COHAS,42.24307,-70.8425,faa-nasr
COKBI,41.26596,-70.89799,faa-nasr
COLBB,44.41444,-69.96415,faa-nasr
COLLE,42.66094,-71.26856,faa-nasr
COLYN,42.15268,-71.04011,faa-nasr
CONEZ,41.53047,-71.3497,faa-nasr
COOEY,43.06114,-70.645,faa-nasr
COOKK,41.62879,-70.08892,faa-nasr
COPGU,43.68363,-71.55213,faa-nasr
COPLY,42.49784,-70.55794,faa-nasr
CORAC,46.37297,-67.93201,faa-nasr
CORNY,42.72855,-71.40039,faa-nasr
CORRT,42.44593,-70.75978,faa-nasr
COSAX,41.48919,-71.31134,faa-nasr
COSSY,41.53299,-70.95053,faa-nasr
COTAG,41.68812,-71.45652,faa-nasr
COTEE,42.49506,-71.11887,faa-nasr
COUSY,42.35498,-71.20881,faa-nasr
COVOD,41.6015,-70.38218,faa-nasr
CPCOD,40.93227,-71.62937,faa-nasr
CRACO,41.54425,-70.1935,faa-nasr
CRADL,42.01024,-70.76321,faa-nasr
CRAYG,41.18816,-70.15033,faa-nasr
CREPT,41.92905,-70.75739,faa-nasr
CRESY,44.37057,-71.46062,faa-nasr
CRLTN,42.33282,-70.85359,faa-nasr
CROCR,42.42756,-70.74002,faa-nasr
CROIX,46.2891,-68.26878,faa-nasr
CROWI,43.68576,-70.18222,faa-nasr
CRRAB,44.79958,-68.74794,faa-nasr
CSHNN,43.64774,-70.19669,faa-nasr
CSTAR,46.35616,-68.07516,faa-nasr
CTMAX,44.16775,-68.86841,faa-nasr
CUDDY,56.7,-57.0,faa-nasr
CUDIB,44.70244,-69.54624,faa-nasr
CUDVA,44.22565,-68.37878,faa-nasr
CUGDA,41.15943,-71.68301,faa-nasr
CUGOG,41.55663,-70.75713,faa-nasr
CUHSI,41.43632,-70.54193,faa-nasr
CUJKE,41.16306,-70.56357,faa-nasr
CUKEK,42.05339,-70.3106,faa-nasr
CULSU,42.11131,-70.15441,faa-nasr
CUMBR,43.805,-70.23436,faa-nasr
CUPEG,44.73226,-69.36311,faa-nasr
CUPNU,41.3163,-69.77664,faa-nasr
CUPUG,42.10858,-71.12395,faa-nasr
CURER,42.75624,-71.643,faa-nasr
CURLI,42.01529,-71.06509,faa-nasr
CUSKA,41.81043,-71.35374,faa-nasr
CUSOR,44.40159,-71.20918,faa-nasr
CUTAL,42.41668,-71.37502,faa-nasr
CUTIV,41.91474,-71.48849,faa-nasr
CUTLR,40.334,-68.70833,faa-nasr
CUTOX,40.88147,-71.78663,faa-nasr
CUTSI,41.62627,-71.50833,faa-nasr
CUTUX,41.22644,-71.70726,faa-nasr
CUVOT,44.72059,-68.70286,faa-nasr
CUXOV,43.0029,-71.35611,faa-nasr
CUYKI,44.27433,-69.76827,faa-nasr
CUZBU,45.42003,-68.56535,faa-nasr
CVLRY,44.45372,-69.73599,faa-nasr
CWALL,43.64523,-70.11278,faa-nasr
CYOTI,42.15662,-71.2571,faa-nasr
DAAME,41.56438,-71.26142,faa-nasr
DAANK,44.60969,-67.82832,faa-nasr
DABAC,44.09409,-70.53307,faa-nasr
DACBE,41.04805,-71.96103,faa-nasr
DAFTE,41.6402,-70.44898,faa-nasr
DALIA,42.7808,-71.71576,faa-nasr
DALLE,44.51626,-69.61671,faa-nasr
DALYB,43.71417,-70.60055,faa-nasr
DANOH,44.143,-70.22462,faa-nasr
DANOL,45.69709,-67.80332,faa-nasr
DAPOW,44.21302,-68.52283,faa-nasr
DAVAZ,51.88297,-5.43155,uk-aip
DBURR,44.18641,-69.80858,faa-nasr
DEBUS,46.58444,-71.44944,faa-nasr
DEDEC,43.68191,-71.15629,faa-nasr
DEDHM,42.19564,-70.94917,faa-nasr
DEEBA,45.24386,-69.37417,faa-nasr
DEELR,44.67587,-67.46238,faa-nasr
DEEPO,41.11499,-70.83607,faa-nasr
DEGEY,42.23212,-71.20214,faa-nasr
DEGOS,54.18922,-6.90636,uk-aip
DEJZU,45.32767,-67.76449,faa-nasr
DELGE,44.40008,-68.92772,faa-nasr
DELSS,41.48261,-71.78032,faa-nasr
DEMAW,43.45758,-70.70906,faa-nasr
DEMBE,41.67515,-70.50308,faa-nasr
DEPRI,45.9537,-70.25662,faa-nasr
DERDO,45.68028,-70.80333,faa-nasr
DESLO,42.39816,-71.50976,faa-nasr
DEVBI,60.71509,-8.76958,uk-aip
DEVOL,53.89028,-10.43417,ie-aip
DEWEE,42.25328,-71.61581,faa-nasr
DEXEN,53.28028,-5.5,uk-aip
DEXXY,43.3398,-70.61906,faa-nasr
DIGAN,52.93694,-8.1975,ie-aip
DIKEY,42.15481,-71.15318,faa-nasr
DIMLI,54.94652,-6.61521,uk-aip
DIMUS,52.23972,-6.25139,ie-aip
DINIM,51.0,-15.0,uk-aip
DIPEY,45.58244,-69.90656,faa-nasr
DIQSE,51.80013,-5.26466,uk-aip
DIRNE,44.61145,-68.13141,faa-nasr
DIRUM,53.00278,-6.66111,ie-aip
DITAC,43.57092,-70.16418,faa-nasr
DIWMU,41.46527,-70.41695,faa-nasr
DIXNN,42.57644,-71.04285,faa-nasr
DLPHN,41.16923,-70.39604,faa-nasr
DMMHK,42.95943,-71.35655,faa-nasr
DMYES,42.56182,-70.90924,faa-nasr
DODNE,41.9798,-71.16622,faa-nasr
DOGAL,54.0,-15.0,uk-aip
DOGDE,44.45072,-71.18023,faa-nasr
DOJEN,43.57831,-71.09867,faa-nasr
DOLIP,52.0,-12.0,ie-aip
DOLUR,49.48441,-5.05724,uk-aip
DONIB,55.71929,-7.69557,uk-aip
DONNN,41.79285,-70.0797,faa-nasr
DORPY,41.84418,-70.62019,faa-nasr
DORYY,56.03333,-57.0,faa-nasr
DOSAE,44.15536,-68.82837,faa-nasr
DOSAN,40.44211,-68.87497,faa-nasr
DOSUN,60.11736,-6.39403,uk-aip
DOTIE,45.65104,-68.70186,faa-nasr
DOVEY,41.11667,-67.0,faa-nasr
DREED,43.76188,-70.16482,faa-nasr
DREEM,42.36185,-71.74281,faa-nasr
DREMM,43.64556,-70.18071,faa-nasr
DRVER,45.36289,-69.27836,faa-nasr
DSPOT,45.59809,-68.67101,faa-nasr
DUBDE,44.11496,-68.80661,faa-nasr
DUBIN,42.91199,-71.99317,faa-nasr
DUBYU,42.39571,-71.34571,faa-nasr
DUCEB,43.91554,-68.9135,faa-nasr
DUCEC,44.68547,-69.51114,faa-nasr
DUCEG,41.82359,-70.46035,faa-nasr
DUFFE,44.75352,-68.63611,faa-nasr
DUFFY,54.51484,-5.86078,uk-aip
DUKDE,44.34938,-68.91902,faa-nasr
DULRE,41.83104,-70.96383,faa-nasr
DUMSE,45.25501,-69.35802,faa-nasr
DUNKK,42.08171,-70.65634,faa-nasr
DUNNS,44.41035,-69.86224,faa-nasr
DUNOM,44.90258,-66.97047,faa-nasr
DUPKE,41.11563,-69.87285,faa-nasr
DURIN,44.47831,-69.11359,faa-nasr
DUTCA,42.16776,-71.68416,faa-nasr
DUTUM,63.86667,-67.0,faa-nasr
DUVBI,56.0,-61.0,faa-nasr
EASTN,41.95918,-71.11099,faa-nasr
EBBIL,43.90897,-69.98992,faa-nasr
EBGIX,45.72574,-70.39748,faa-nasr
EBONY,44.90241,-67.15657,faa-nasr
EBROY,44.80407,-68.50305,faa-nasr
ECAVO,44.36773,-71.94224,faa-nasr
ECCIT,52.12997,-5.64548,uk-aip
ECIPE,43.81051,-71.82984,faa-nasr
EDEHO,41.3726,-70.58079,faa-nasr
EDEJU,44.07225,-69.51749,faa-nasr
EDGUE,47.14592,-68.61653,faa-nasr
EGAKE,41.78691,-71.78447,faa-nasr
EGGRL,42.48563,-70.72378,faa-nasr
EGORE,42.5464,-71.48625,faa-nasr
EHFAB,43.29725,-71.56439,faa-nasr
EHTUT,46.60049,-68.01571,faa-nasr
EHWOG,45.81417,-69.58536,faa-nasr
EIRRO,42.66168,-71.8719,faa-nasr
EJBEL,42.24865,-71.25781,faa-nasr
EJUDO,41.87492,-71.54453,faa-nasr
EKALE,44.1716,-68.4405,faa-nasr
EKAYO,41.79722,-70.76919,faa-nasr
EKICA,44.25518,-70.63516,faa-nasr
EKLAY,44.49871,-69.7018,faa-nasr
ELABE,44.47026,-71.17323,faa-nasr
ELBOB,54.73282,-7.74391,uk-aip
ELEEE,42.75568,-71.37346,faa-nasr
ELEMO,42.03118,-70.59573,faa-nasr
ELIRY,42.67418,-71.28605,faa-nasr
ELJUM,44.36125,-71.71829,faa-nasr
ELKOG,60.44656,-9.5,uk-aip
ELLAC,43.88383,-68.89925,faa-nasr
ELSEQ,44.81142,-71.30303,faa-nasr
ELSIR,49.5,-52.0,faa-nasr
ELSOX,51.0,-14.0,uk-aip
ELSUH,44.62744,-68.56916,faa-nasr
ELTIG,51.75361,-7.835,ie-aip
EMBDN,45.13989,-70.15419,faa-nasr
EMBOK,63.46667,-58.0,faa-nasr
EMESE,45.1071,-70.20841,faa-nasr
EMHOV,43.70013,-69.71521,faa-nasr
EMMEL,42.43314,-71.09698,faa-nasr
EMPER,49.0,-9.0,uk-aip
EMUSK,44.39904,-69.85422,faa-nasr
ENDEQ,53.44566,-5.5,uk-aip
ENJEX,52.05585,-6.04105,uk-aip
ENNSO,55.53333,-57.0,faa-nasr
ENOKU,53.10111,-7.66083,ie-aip
ENULA,53.9725,-8.26444,ie-aip
ENVUH,40.55911,-69.05636,faa-nasr
EPOKE,42.93999,-71.48652,faa-nasr
EPSOM,43.11932,-71.45125,faa-nasr
EPUNA,50.5,-14.0,uk-aip
ERABI,53.015,-9.5675,ie-aip
ERAKA,58.0,-10.0,uk-aip
ERIGY,42.62666,-71.45572,faa-nasr
ERIYO,44.31629,-68.91336,faa-nasr
ERNAN,54.27886,-7.39277,uk-aip
ERNEI,41.9448,-71.20852,faa-nasr
ERTER,51.56194,-8.06028,ie-aip
ERULY,44.44079,-68.21846,faa-nasr
ESALY,44.14399,-69.67424,faa-nasr
ESATE,41.89554,-71.09009,faa-nasr
ESICU,42.75055,-71.44678,faa-nasr
ESULE,41.8912,-71.51715,faa-nasr
ETARI,55.5,-15.0,uk-aip
ETDIN,45.53535,-68.63452,faa-nasr
ETHYN,42.32587,-70.55544,faa-nasr
ETILO,57.5,-10.0,uk-aip
ETSOM,57.89195,-9.5,uk-aip
ETSTO,43.98475,-70.93589,faa-nasr
ETTOR,44.80179,-69.38482,faa-nasr
ETWAS,43.85819,-69.24672,faa-nasr
ETZIB,41.55953,-70.5838,faa-nasr
EURRO,42.65074,-70.08793,faa-nasr
EUSTS,44.9299,-70.17384,faa-nasr
EVBAK,49.0,-10.0,ie-aip
EVBEV,57.786,-7.67812,uk-aip
EVCOR,50.93726,-7.11441,uk-aip
EVEBY,43.53806,-71.53399,faa-nasr
EVITE,43.3198,-71.90935,faa-nasr
EVNAL,57.40852,-9.5,uk-aip
EVOLE,43.20292,-70.71124,faa-nasr
EVPAW,41.17971,-69.78758,faa-nasr
EVRIN,51.78235,-6.56323,uk-aip
EVTOL,52.18371,-5.52056,uk-aip
EWILT,44.61669,-70.15594,faa-nasr
EXALT,42.71906,-70.61351,faa-nasr
EXUFI,41.54858,-70.33181,faa-nasr
EXXRO,42.5773,-71.19319,faa-nasr
EXXXX,42.34363,-71.35127,faa-nasr
EYEES,45.13441,-70.48962,faa-nasr
EZKOW,42.67271,-71.22386,faa-nasr
FABBO,43.35982,-71.77256,faa-nasr
FABEB,45.16189,-67.32482,faa-nasr
FABEM,44.16776,-70.50107,faa-nasr
FABIG,42.99678,-71.14798,faa-nasr
FABIM,43.61617,-71.14096,faa-nasr
FABIX,42.05111,-70.26861,faa-nasr
FACNO,43.33159,-70.84201,faa-nasr
FAFNR,43.93414,-69.97697,faa-nasr
FAIRR,45.6263,-70.05204,faa-nasr
FALAG,41.69031,-71.49884,faa-nasr
FALMA,41.37282,-71.17118,faa-nasr
FALMO,44.09116,-70.25729,faa-nasr
FAMCI,44.75968,-70.15907,faa-nasr
FAMRR,42.27672,-71.08147,faa-nasr
FANRA,45.13353,-70.06809,faa-nasr
FARAM,44.34632,-70.65656,faa-nasr
FARED,42.02542,-70.91394,faa-nasr
FARGU,41.05138,-69.95811,faa-nasr
FARUS,44.55162,-70.54266,faa-nasr
FARYL,42.76475,-70.91368,faa-nasr
FASEM,42.31645,-71.12399,faa-nasr
FAWER,43.64203,-70.26929,faa-nasr
FEBMA,43.15729,-71.60675,faa-nasr
FEBOB,46.73229,-68.07071,faa-nasr
FEDDY,61.7,-67.0,faa-nasr
FEDED,41.90681,-71.27243,faa-nasr
FEEST,42.40954,-70.80838,faa-nasr
FEFOX,41.67883,-71.36457,faa-nasr
FEGMU,42.33665,-71.37184,faa-nasr
FEGUD,44.86412,-66.92537,faa-nasr
FEKWU,41.60882,-71.34065,faa-nasr
FELER,42.6114,-71.50238,faa-nasr
FENIP,42.08408,-71.37334,faa-nasr
FENWY,42.36975,-70.71834,faa-nasr
FEPUV,44.47631,-70.46628,faa-nasr
FERIM,45.06521,-69.31032,faa-nasr
FERNS,43.0314,-71.48354,faa-nasr
FERNZ,41.84317,-69.78142,faa-nasr
FEROG,46.47278,-67.96891,faa-nasr
FEXGO,40.67028,-69.22967,faa-nasr
FEXUX,41.68203,-71.46163,faa-nasr
FIBAB,42.73023,-71.94009,faa-nasr
FIBNI,42.38793,-71.2664,faa-nasr
FIDES,42.35762,-71.1672,faa-nasr
FIGOL,42.15971,-71.15628,faa-nasr
FIGOP,44.17721,-70.29316,faa-nasr
FILYP,41.77405,-71.31371,faa-nasr
FINGA,42.85203,-71.97762,faa-nasr
FINUS,43.64863,-70.36722,faa-nasr
FISAL,43.93823,-69.94323,faa-nasr
FISBO,41.79892,-71.50353,faa-nasr
FISRR,41.25837,-71.9542,faa-nasr
FITZY,42.87009,-71.52132,faa-nasr
FIVBO,45.08906,-69.18879,faa-nasr
FIVKO,44.26957,-69.80103,faa-nasr
FIXUG,41.53598,-70.48505,faa-nasr
FLAPE,41.06564,-71.0696,faa-nasr
FLEST,46.56768,-67.95904,faa-nasr
FLUOR,41.82974,-70.28047,faa-nasr
FLUTI,42.41243,-70.88665,faa-nasr
FODAG,44.78808,-67.45223,faa-nasr
FOGDO,44.3949,-70.75096,faa-nasr
FOGED,43.45089,-70.75402,faa-nasr
FOLIO,45.09879,-68.41202,faa-nasr
FOMEP,47.29133,-68.61577,faa-nasr
FOMLU,44.29482,-68.58978,faa-nasr
FOMUR,44.32622,-68.91506,faa-nasr
FONEB,45.11997,-70.14021,faa-nasr
FONUB,44.61322,-69.61451,faa-nasr
FORVR,43.65381,-70.2849,faa-nasr
FOSAN,42.88311,-71.71976,faa-nasr
FOSCO,43.27099,-70.59092,faa-nasr
FOSTY,41.84318,-71.64204,faa-nasr
FOXAL,44.9506,-70.67579,faa-nasr
FOXBO,41.91677,-70.24947,faa-nasr
FOXWD,41.80602,-71.80195,faa-nasr
FREDO,41.90567,-70.58223,faa-nasr
FREEH,43.02077,-71.5595,faa-nasr
FRIAR,44.44137,-69.88455,faa-nasr
FRILL,42.22987,-69.82464,faa-nasr
FROLY,41.61435,-71.02512,faa-nasr
FRRYY,43.81803,-70.54364,faa-nasr
FRSTE,44.13953,-68.86912,faa-nasr
FRSYD,43.77267,-70.21796,faa-nasr
FSSKK,42.31846,-70.80533,faa-nasr
FSTVL,44.10023,-70.22918,faa-nasr
FURBS,41.82576,-70.80089,faa-nasr
FYNER,56.04892,-5.11533,uk-aip
GAANS,44.67599,-69.85075,faa-nasr
GABEY,42.2261,-71.64069,faa-nasr
GABME,42.85578,-70.83437,faa-nasr
GACEK,43.38107,-71.9424,faa-nasr
GACMY,44.20166,-70.52106,faa-nasr
GADRE,41.22568,-70.01803,faa-nasr
GAILS,41.86903,-70.40214,faa-nasr
GALXI,41.27193,-70.42549,faa-nasr
GAPLI,50.0,-8.0,uk-aip
GARVE,42.34963,-71.04744,faa-nasr
GASPE,45.48304,-69.61208,faa-nasr
GASSE,42.26283,-71.85486,faa-nasr
GAUVN,46.73739,-68.21377,faa-nasr
GAVRE,41.42413,-70.66061,faa-nasr
GAYBL,42.83333,-62.0,faa-nasr
GELPO,48.64418,-9.50263,uk-aip
GEMIN,44.13776,-69.58898,faa-nasr
GENNA,40.77753,-69.39783,faa-nasr
GEONS,41.9888,-71.173,faa-nasr
GERVO,53.09139,-6.50667,ie-aip
GGABE,42.2748,-70.95091,faa-nasr
GILAN,55.23,-7.05,ie-aip
GILBE,45.43543,-69.5329,faa-nasr
GIMRO,53.65278,-5.74861,ie-aip
GINGA,56.92504,-9.5,uk-aip
GINNI,43.91244,-69.66882,faa-nasr
GIPER,51.0,-12.0,uk-aip
GISOK,51.50239,-5.12434,uk-aip
GISTI,53.0,-14.0,ie-aip
GITUS,50.33337,-5.69997,uk-aip
GLESO,41.51847,-70.67146,faa-nasr
GLLET,42.27335,-70.72257,faa-nasr
GLOWB,42.2894,-71.21838,faa-nasr
GLYDE,42.26773,-71.81188,faa-nasr
GNSET,41.93144,-71.26165,faa-nasr
GOLEE,42.49539,-71.64352,faa-nasr
GOMTE,43.65254,-70.20103,faa-nasr
GOMUP,57.0,-10.0,uk-aip
GONAN,45.0,-14.0,uk-aip
GONNG,41.73399,-71.48895,faa-nasr
GORHM,43.52543,-70.56996,faa-nasr
GOSHI,42.03641,-71.16309,faa-nasr
GOTEM,51.82389,-7.82,ie-aip
GOTNA,54.59484,-5.59801,uk-aip
GRAPS,42.68841,-71.15286,faa-nasr
GRAYC,44.59677,-67.52613,faa-nasr
GRGIO,42.58593,-70.56511,faa-nasr
GRIBS,61.5,-63.0,faa-nasr
GRIFI,42.31171,-70.93493,faa-nasr
GRINS,47.2889,-68.12577,faa-nasr
GRIPE,42.1358,-71.90902,faa-nasr
GRITI,43.66312,-70.22137,faa-nasr
GRNAT,43.0822,-71.52281,faa-nasr
GROGG,41.46554,-70.14331,faa-nasr
GRONC,41.14522,-71.75771,faa-nasr
GRUMP,43.55162,-71.39107,faa-nasr
GRVEL,43.07844,-70.83893,faa-nasr
GUBJE,52.04097,-5.54522,uk-aip
GUNSO,49.05278,-11.76833,uk-aip
GUNTY,43.49008,-70.48874,faa-nasr
GURGA,53.11528,-6.83333,ie-aip
GUTYE,45.42531,-67.73397,faa-nasr
HABBA,43.92224,-69.6423,faa-nasr
HABEG,44.09557,-69.8168,faa-nasr
HABOT,43.99461,-71.13495,faa-nasr
HABRU,42.88153,-70.9441,faa-nasr
HAGET,42.67257,-71.20632,faa-nasr
HAGLO,43.41039,-71.99221,faa-nasr
HAGTU,41.60255,-70.42538,faa-nasr
HAKAM,42.72597,-71.48539,faa-nasr
HALBO,44.409,-68.38956,faa-nasr
HALED,44.56521,-68.27003,faa-nasr
HAMUB,42.37755,-71.33263,faa-nasr
HAREG,43.15454,-70.6447,faa-nasr
HAREK,41.82235,-70.55701,faa-nasr
HASUM,42.02169,-71.24201,faa-nasr
HASVI,44.53422,-70.49908,faa-nasr
HATEN,46.62061,-68.02315,faa-nasr
HATLE,44.10813,-70.22843,faa-nasr
HAVAN,43.27804,-70.96039,faa-nasr
HAVNS,42.29861,-70.46167,faa-nasr
HAVRD,42.16857,-70.7696,faa-nasr
HAXEM,41.54321,-71.2917,faa-nasr
HEARR,42.44702,-70.70976,faa-nasr
HEDGI,42.78627,-71.62502,faa-nasr
HEFTY,41.90533,-71.564,faa-nasr
HEKIS,45.09416,-67.36189,faa-nasr
HEKPU,44.54493,-70.54322,faa-nasr
HELNO,44.64228,-71.21177,faa-nasr
HENEY,42.93533,-70.94543,faa-nasr
HEPTA,43.61351,-70.33522,faa-nasr
HERBJ,44.16598,-68.69349,faa-nasr
HERKU,41.65605,-70.61808,faa-nasr
HERON,55.34314,-5.0,uk-aip
HESIS,45.44186,-68.60755,faa-nasr
HESKO,42.80846,-71.56923,faa-nasr
HEVUR,44.14517,-69.07122,faa-nasr
HEWMO,42.18765,-70.73504,faa-nasr
HEXUS,42.34011,-70.76368,faa-nasr
HHIGH,41.69215,-71.31896,faa-nasr
HHOOK,44.40812,-70.7767,faa-nasr
HHOTT,41.80025,-71.91098,faa-nasr
HIBAG,44.41874,-68.57597,faa-nasr
HIBOB,44.60343,-69.13879,faa-nasr
HIBTU,46.27464,-67.65951,faa-nasr
HIDID,43.70386,-71.71358,faa-nasr
HIDRI,42.59427,-71.537,faa-nasr
HIGUS,42.74487,-71.54055,faa-nasr
HIKOD,43.55888,-70.98153,faa-nasr
HIKSO,41.18614,-69.96578,faa-nasr
HILRY,40.88442,-69.56636,faa-nasr
HINOT,45.00074,-70.1856,faa-nasr
HINUD,45.65422,-69.92248,faa-nasr
HIRIM,44.29335,-69.65322,faa-nasr
HIRKA,41.41936,-71.96356,faa-nasr
HIRMN,43.93389,-70.84077,faa-nasr
HIVDI,45.63036,-70.17498,faa-nasr
HLFWY,43.64769,-70.06926,faa-nasr
HNNNT,44.62218,-71.20099,faa-nasr
HNOVR,42.5354,-70.82996,faa-nasr
HOBET,41.55514,-71.24589,faa-nasr
HOCCY,42.23131,-71.15306,faa-nasr
HODVU,41.67932,-71.45991,faa-nasr
HOGOK,43.99821,-70.3157,faa-nasr
HOIST,55.03333,-57.0,faa-nasr
HOKAT,43.80997,-71.73778,faa-nasr
HOKDU,42.34554,-70.5655,faa-nasr
HOKEL,41.40291,-70.25342,faa-nasr
HOKMI,41.86424,-71.573,faa-nasr
HOLIB,44.80819,-70.65896,faa-nasr
HOMUX,42.64448,-70.98032,faa-nasr
HOPMU,44.50737,-69.91649,faa-nasr
HOPTU,41.78094,-71.03601,faa-nasr
HOPUL,42.13663,-71.51995,faa-nasr
HORAX,41.2274,-70.80004,faa-nasr
HOSEP,44.99969,-68.79882,faa-nasr
HOSOS,44.94894,-68.62482,faa-nasr
HOTVU,42.1544,-71.31321,faa-nasr
HOVOB,44.35139,-71.89368,faa-nasr
HOXEB,46.68672,-67.95545,faa-nasr
HOXUD,41.57962,-69.96648,faa-nasr
HRALD,42.38007,-71.25798,faa-nasr
HRHME,46.09118,-67.86475,faa-nasr
HRRIS,42.46133,-71.15602,faa-nasr
HSBRO,41.78828,-71.37239,faa-nasr
HSKEL,43.65356,-71.04774,faa-nasr
HSONG,44.23342,-68.86676,faa-nasr
HUBAG,44.78856,-69.66281,faa-nasr
HUBIR,42.33471,-70.96489,faa-nasr
HUDAG,42.16074,-70.58469,faa-nasr
HUDOP,41.82114,-70.34523,faa-nasr
HUDPO,42.0344,-70.76087,faa-nasr
HUDRI,45.01301,-68.6385,faa-nasr
HUFEE,42.3543,-70.89399,faa-nasr
HULEM,41.56995,-71.38645,faa-nasr
HULTN,46.03952,-67.83391,faa-nasr
HUMAX,46.69038,-68.01613,faa-nasr
HUNUX,44.11581,-68.78589,faa-nasr
HURBE,42.46076,-70.85196,faa-nasr
HURDS,44.93794,-71.99462,faa-nasr
HUREX,41.82052,-71.90063,faa-nasr
HURKU,42.29142,-71.18233,faa-nasr
HURLA,44.49671,-68.24169,faa-nasr
HUSAT,43.48391,-70.05027,faa-nasr
HUTUB,41.76962,-71.47242,faa-nasr
HUVIR,44.14311,-68.95464,faa-nasr
HYLND,42.78087,-71.2753,faa-nasr
IBATU,54.08667,-8.01417,ie-aip
IBERG,49.0,-52.0,faa-nasr
IBROD,56.5,-10.0,uk-aip
IBTES,54.44033,-5.0542,uk-aip
IBUNY,44.19548,-70.54108,faa-nasr
IBYED,43.69581,-70.17318,faa-nasr
ICARA,41.84732,-70.90756,faa-nasr
IDATE,47.16054,-68.54647,faa-nasr
IDEAR,41.83061,-71.33674,faa-nasr
IDEED,42.90996,-70.68641,faa-nasr
IDEXA,53.47056,-5.16417,uk-aip
IDIKE,41.87423,-71.53135,faa-nasr
IGEFY,44.36601,-68.685,faa-nasr
IGILE,43.85821,-69.31583,faa-nasr
IHEYA,43.51773,-71.60116,faa-nasr
IHHUB,41.18761,-70.52158,faa-nasr
IHOBB,42.72812,-71.48657,faa-nasr
IHXOK,41.70254,-71.00129,faa-nasr
IJALA,51.28285,-6.43151,uk-aip
IKAVE,46.91794,-68.03131,faa-nasr
IKEXE,44.9786,-69.07666,faa-nasr
IKMAN,62.5,-63.0,faa-nasr
IKMOW,44.94495,-69.1643,faa-nasr
ILACI,41.16685,-71.59319,faa-nasr
ILICU,42.3308,-71.08,faa-nasr
ILZID,44.18155,-69.57089,faa-nasr
IMAMA,46.73598,-67.78915,faa-nasr
INKOW,43.39696,-71.62815,faa-nasr
INKUR,53.5975,-7.39139,ie-aip
INNDY,41.772,-71.09887,faa-nasr
INNUF,59.11817,-8.04299,uk-aip
INRAD,52.25806,-9.15028,ie-aip
IPADE,41.35616,-70.32914,faa-nasr
IPESE,47.04458,-68.24822,faa-nasr
IPKAH,43.61533,-70.61352,faa-nasr
IPSET,54.51823,-5.45248,uk-aip
IQSAL,43.98986,-68.84972,faa-nasr
IRANE,44.41713,-70.79464,faa-nasr
IRBIM,58.65333,-60.53262,faa-nasr
IRGAW,42.57611,-71.37171,faa-nasr
IRKUM,52.99664,-5.37762,uk-aip
IRLOK,54.53333,-57.0,faa-nasr
IRSEW,42.32266,-71.02553,faa-nasr
ISEGE,43.10179,-71.73347,faa-nasr
ISLAY,42.49623,-71.06088,faa-nasr
ISUCO,42.30888,-71.15026,faa-nasr
ITASE,45.05909,-68.96688,faa-nasr
ITAWA,43.25678,-70.96992,faa-nasr
ITAWT,43.17329,-71.15926,faa-nasr
ITAYI,43.33996,-70.78007,faa-nasr
ITSEE,43.71034,-70.32688,faa-nasr
ITUXY,43.98607,-69.66926,faa-nasr
IVAFO,45.10917,-68.58363,faa-nasr
IVVEW,45.6486,-68.53609,faa-nasr
IYANA,42.05458,-70.82797,faa-nasr
JAAZZ,42.8046,-71.60242,faa-nasr
JABEX,49.0,-9.5025,ie-aip
JABMU,42.46702,-71.56823,faa-nasr
JABTI,45.58168,-68.6786,faa-nasr
JAGAD,43.57774,-71.48411,faa-nasr
JAGRA,41.40759,-71.37238,faa-nasr
JAGSU,41.6449,-70.49902,faa-nasr
JAITE,42.29663,-70.70982,faa-nasr
JALMI,44.10635,-69.77746,faa-nasr
JAMOS,42.32895,-71.11437,faa-nasr
JANAG,42.11551,-70.12271,faa-nasr
JANIR,41.42367,-70.21285,faa-nasr
JANJO,54.03333,-57.0,faa-nasr
JANOB,43.84637,-70.38728,faa-nasr
JARBU,45.66581,-70.37836,faa-nasr
JAREM,44.39258,-70.51272,faa-nasr
JAROM,44.16667,-54.88333,faa-nasr
JASOR,44.3967,-68.20016,faa-nasr
JAVUN,45.75202,-69.95212,faa-nasr
JAWZZ,41.40224,-70.84257,faa-nasr
JAXOT,43.74702,-70.14205,faa-nasr
JAXUS,42.65706,-70.97456,faa-nasr
JAYHA,41.73321,-70.44042,faa-nasr
JAYHO,44.76178,-67.79808,faa-nasr
JAYNA,41.82108,-71.20378,faa-nasr
JAYSE,42.45882,-71.16075,faa-nasr
JEBBY,43.07222,-57.86806,faa-nasr
JEBIM,41.59951,-70.55695,faa-nasr
JEBIV,45.64757,-68.3743,faa-nasr
JEBUN,43.66053,-71.46106,faa-nasr
JEDUM,44.44143,-68.51378,faa-nasr
JEEET,41.85288,-71.49636,faa-nasr
JEGDO,42.77219,-71.20012,faa-nasr
JEGIS,44.47389,-69.72065,faa-nasr
JEGUB,47.09627,-67.91536,faa-nasr
JEKDI,42.0736,-70.54861,faa-nasr
JELCO,60.7,-67.0,faa-nasr
JELUB,47.31118,-68.39181,faa-nasr
JENAA,42.57444,-70.73167,faa-nasr
JENDI,42.62232,-71.13392,faa-nasr
JERED,44.98813,-69.25677,faa-nasr
JESOD,43.96033,-69.13237,faa-nasr
JESUL,44.48865,-68.33865,faa-nasr
JETAM,46.73458,-67.76215,faa-nasr
JETSA,44.75107,-69.72554,faa-nasr
JEWIT,41.69609,-71.82588,faa-nasr
JEXAT,44.88749,-66.9697,faa-nasr
JEXEN,44.28163,-70.67693,faa-nasr
JFUND,42.58648,-71.82109,faa-nasr
JIDPA,41.60694,-70.60536,faa-nasr
JIGZY,45.10456,-70.99369,faa-nasr
JIKUK,41.58785,-71.58209,faa-nasr
JIMBU,45.53724,-69.87815,faa-nasr
JIMGU,42.75369,-71.47605,faa-nasr
JIMUG,42.79919,-71.81242,faa-nasr
JINOG,44.32876,-71.85647,faa-nasr
JISMI,42.46737,-71.25231,faa-nasr
JJIMY,42.4178,-71.15641,faa-nasr
JOBAP,41.3287,-70.15462,faa-nasr
JOBBY,44.40959,-71.07864,faa-nasr
JOBEB,41.95899,-70.47607,faa-nasr
JOBEE,42.17832,-70.99226,faa-nasr
JOBOC,40.11667,-67.0,faa-nasr
JODLE,41.35522,-70.65081,faa-nasr
JOGIL,41.50225,-71.88909,faa-nasr
JOGRU,43.76666,-71.70325,faa-nasr
JOHNZ,42.72302,-71.68217,faa-nasr
JOMGO,42.01422,-71.22633,faa-nasr
JOODY,41.78538,-71.28756,faa-nasr
JOOPY,48.5,-52.0,faa-nasr
JOPVU,42.48228,-71.41388,faa-nasr
JORDN,41.0547,-71.91463,faa-nasr
JOVIE,54.16667,-67.0,faa-nasr
JOXET,44.00622,-69.95174,faa-nasr
JSTER,42.1394,-70.61319,faa-nasr
JSTNN,43.01772,-71.49214,faa-nasr
JTOWN,41.47256,-71.35563,faa-nasr
JUBAM,42.34561,-71.19148,faa-nasr
JUBBB,42.42347,-70.97674,faa-nasr
JUDMU,41.97826,-70.9526,faa-nasr
JUDOX,43.10619,-71.66525,faa-nasr
JUGDO,41.74781,-70.36818,faa-nasr
JUKSA,44.95708,-68.72495,faa-nasr
JUMPR,41.17093,-71.24708,faa-nasr
JUNCA,45.29738,-67.89953,faa-nasr
JUPOT,42.08618,-69.96919,faa-nasr
JURDO,46.77383,-68.17456,faa-nasr
JURLI,44.00272,-69.64714,faa-nasr
JUSOV,41.78796,-70.74908,faa-nasr
JUVIN,43.44663,-70.22129,faa-nasr
KADCE,44.29331,-71.932,faa-nasr
KAGLY,63.5,-63.0,faa-nasr
KAKPE,45.51968,-69.70811,faa-nasr
KANJI,41.71728,-70.9162,faa-nasr
KANNI,42.63333,-67.0,faa-nasr
KATAH,46.08333,-69.0,faa-nasr
KAVCO,45.65175,-70.32311,faa-nasr
KAYCC,43.53947,-70.86045,faa-nasr
KB03E,45.5,-70.0,faa-nasr
KB03G,45.5,-68.0,faa-nasr
KB06E,46.0,-70.0,faa-nasr
KB06G,46.0,-68.0,faa-nasr
KB09E,46.5,-70.0,faa-nasr
KB09G,46.5,-68.0,faa-nasr
KB12G,47.0,-68.0,faa-nasr
KB63C,40.5,-72.0,faa-nasr
KB66C,41.0,-72.0,faa-nasr
KB66E,41.0,-70.0,faa-nasr
KB69C,41.5,-72.0,faa-nasr
KB69E,41.5,-70.0,faa-nasr
KB69G,41.5,-68.0,faa-nasr
KB72C,42.0,-72.0,faa-nasr
KB72E,42.0,-70.0,faa-nasr
KB72G,42.0,-68.0,faa-nasr
KB75C,42.5,-72.0,faa-nasr
KB75E,42.5,-70.0,faa-nasr
KB75G,42.5,-68.0,faa-nasr
KB78C,43.0,-72.0,faa-nasr
KB78E,43.0,-70.0,faa-nasr
KB78G,43.0,-68.0,faa-nasr
KB81C,43.5,-72.0,faa-nasr
KB81E,43.5,-70.0,faa-nasr
KB81G,43.5,-68.0,faa-nasr
KB84C,44.0,-72.0,faa-nasr
KB84E,44.0,-70.0,faa-nasr
KB84G,44.0,-68.0,faa-nasr
KB87C,44.5,-72.0,faa-nasr
KB87E,44.5,-70.0,faa-nasr
KB87G,44.5,-68.0,faa-nasr
KB90C,45.0,-72.0,faa-nasr
KB90E,45.0,-70.0,faa-nasr
KB90G,45.0,-68.0,faa-nasr
KEAND,44.95891,-67.10561,faa-nasr
KEBIG,45.99083,-70.85833,faa-nasr
KEBTY,43.77839,-69.84678,faa-nasr
KELME,43.64653,-70.336,faa-nasr
KELYS,42.44407,-70.95804,faa-nasr
KENAD,41.7468,-70.37329,faa-nasr
KENAT,42.6442,-71.85454,faa-nasr
KENEE,42.49821,-71.25448,faa-nasr
KENPY,42.09954,-71.34184,faa-nasr
KENTE,41.54149,-71.57915,faa-nasr
KENWI,42.15969,-70.94083,faa-nasr
KENZY,42.14491,-71.62606,faa-nasr
KERSY,43.36044,-71.77016,faa-nasr
KERVO,45.44493,-70.65077,faa-nasr
KESEG,60.01611,-6.01556,uk-aip
KESIX,56.95,-14.0,uk-aip
KETLA,62.46667,-58.0,faa-nasr
KEVLE,45.78216,-69.77526,faa-nasr
KEZAR,43.83643,-70.9549,faa-nasr
KHRIS,42.9503,-71.25988,faa-nasr
KIETH,40.10878,-68.36408,faa-nasr
KINFA,45.00673,-68.63336,faa-nasr
KIRAA,42.27541,-71.12827,faa-nasr
KIREY,45.05058,-70.83465,faa-nasr
KISUV,48.61213,-68.20886,faa-nasr
KJOHN,44.2125,-71.74944,faa-nasr
KLANE,42.41411,-70.68058,faa-nasr
KLEBB,42.10841,-70.61613,faa-nasr
KLIPS,57.7,-67.0,faa-nasr
KLUTZ,41.2998,-71.89172,faa-nasr
KN60C,40.0,-72.0,faa-nasr
KN60E,40.0,-70.0,faa-nasr
KN60G,40.0,-68.0,faa-nasr
KN63E,40.5,-70.0,faa-nasr
KN63G,40.5,-68.0,faa-nasr
KN66G,41.0,-68.0,faa-nasr
KODIK,53.46667,-57.2,faa-nasr
KOGAD,49.5,-15.0,uk-aip
KOHOG,41.89332,-71.10048,faa-nasr
KOKIB,54.5,-14.0,uk-aip
KOMAG,51.72639,-8.61528,ie-aip
KOMER,52.84944,-6.83333,ie-aip
KONRE,43.27531,-71.97766,faa-nasr
KOPME,42.32437,-71.09419,faa-nasr
KORAK,53.395,-7.79306,ie-aip
KOSHI,43.65545,-71.1421,faa-nasr
KOTOW,44.14591,-68.73046,faa-nasr
KRANK,44.85734,-69.40219,faa-nasr
KRANN,41.85519,-71.12346,faa-nasr
KRUSE,45.17807,-69.23288,faa-nasr
KUCAR,41.82001,-70.34646,faa-nasr
KUCEV,44.38021,-68.44361,faa-nasr
KUDAG,54.005,-7.9875,ie-aip
KUGUR,55.5,-10.0,uk-aip
KUNDE,41.76429,-71.46677,faa-nasr
KUNKE,44.14313,-69.02407,faa-nasr
KURLY,41.74609,-69.76438,faa-nasr
KURTE,44.2419,-69.74315,faa-nasr
KURUM,52.22861,-8.66472,ie-aip
KUVOX,58.08302,-7.60654,uk-aip
KWIET,42.32623,-70.93313,faa-nasr
KYLES,42.26257,-70.70371,faa-nasr
KYLOH,43.06475,-71.2293,faa-nasr
LABEL,43.78441,-70.7644,faa-nasr
LACKO,41.92005,-70.46451,faa-nasr
LACKS,40.00015,-68.19938,faa-nasr
LADNE,45.19734,-68.38499,faa-nasr
LADTI,42.74313,-71.09036,faa-nasr
LAFAY,41.46256,-71.72123,faa-nasr
LAGGO,47.22426,-68.57503,faa-nasr
LAKES,57.99889,-63.26583,faa-nasr
LAMEW,45.03254,-70.78173,faa-nasr
LANPI,52.18752,-5.3916,uk-aip
LAODE,43.80821,-69.31583,faa-nasr
LAPMO,53.40306,-5.94556,ie-aip
LARIE,41.82318,-69.97832,faa-nasr
LARLA,49.37809,-7.12089,uk-aip
LAROE,43.74964,-71.27999,faa-nasr
LASNO,48.59833,-9.0,uk-aip
LAUDS,45.41948,-68.20749,faa-nasr
LAWRN,42.20325,-71.82613,faa-nasr
LBSTA,42.8,-70.61353,faa-nasr
LEDEC,41.11295,-71.86896,faa-nasr
LEDGO,51.23994,-7.56796,uk-aip
LEEZI,42.68395,-70.74342,faa-nasr
LEKVA,51.5,-14.0,ie-aip
LELIC,42.6173,-71.82786,faa-nasr
LELSE,45.52733,-68.68591,faa-nasr
LEMGU,52.40599,-5.37677,uk-aip
LESLU,51.0,-8.0,uk-aip
LGURI,43.1626,-70.7387,faa-nasr
LIBBE,41.00441,-71.35565,faa-nasr
LIBOR,61.96667,-58.0,faa-nasr
LIDOW,44.35589,-71.8597,faa-nasr
LIFFY,53.48008,-5.5,uk-aip
LIGDE,41.89356,-71.96501,faa-nasr
LIGUW,43.91209,-68.89122,faa-nasr
LIKRE,43.24867,-71.19693,faa-nasr
LILKS,42.32774,-71.08149,faa-nasr
LILLN,45.04177,-68.47551,faa-nasr
LILNO,51.5925,-9.22,ie-aip
LIMER,43.68372,-70.91077,faa-nasr
LIMKA,54.50736,-5.21978,uk-aip
LIMRI,52.0,-15.0,ie-aip
LINRA,51.57972,-10.03222,ie-aip
LIPGO,53.06392,-5.5,uk-aip
LIPVE,44.67344,-69.44626,faa-nasr
LIRTY,44.33725,-69.84258,faa-nasr
LISBO,54.525,-6.09003,uk-aip
LISDE,46.71003,-67.90374,faa-nasr
LIVGE,41.97065,-71.45048,faa-nasr
LIZEE,42.32772,-71.02898,faa-nasr
LIZLU,43.74486,-70.22448,faa-nasr
LLIVE,42.99113,-71.61939,faa-nasr
LOBBY,42.50431,-71.60946,faa-nasr
LOBOW,45.8258,-69.51583,faa-nasr
LODLA,51.93611,-10.52806,ie-aip
LODTI,42.85724,-71.67277,faa-nasr
LOKZA,46.77251,-68.07949,faa-nasr
LOMPI,44.0,-57.0,faa-nasr
LOMSI,53.1,-56.78333,faa-nasr
LOMTA,57.20306,-62.61917,faa-nasr
LOMVO,53.27107,-5.17939,uk-aip
LONDU,52.91667,-12.5,ie-aip
LONER,42.39969,-70.76328,faa-nasr
LONEY,42.48201,-69.91173,faa-nasr
LOONN,43.58333,-71.38333,faa-nasr
LOOOF,41.50736,-71.39036,faa-nasr
LOPRO,48.7225,-57.70361,faa-nasr
LOPVI,59.26667,-64.25,faa-nasr
LORFF,43.6701,-70.19589,faa-nasr
LSMOR,43.63485,-70.16114,faa-nasr
LUBCA,42.71472,-71.2024,faa-nasr
LUBCI,44.80459,-66.81266,faa-nasr
LUCOS,41.63813,-70.76822,faa-nasr
LULEC,45.41198,-69.45318,faa-nasr
LULIY,41.47241,-70.41329,faa-nasr
LULOX,50.36667,-8.0,uk-aip
LUNIG,52.39722,-8.27611,ie-aip
LUPOR,52.54222,-9.70194,ie-aip
LURCH,42.89934,-71.80652,faa-nasr
LUSAT,53.16667,-6.23333,ie-aip
LUSEN,60.5,-10.0,uk-aip
LUTOV,55.23935,-10.0,uk-aip
LVRON,42.19868,-71.0997,faa-nasr
LWLND,42.58238,-71.01841,faa-nasr
LWRNC,42.74042,-71.09507,faa-nasr
LYHTT,42.32767,-70.89034,faa-nasr
LYLAC,43.06278,-71.65917,faa-nasr
LYNDA,43.96442,-70.72932,faa-nasr
MAADS,44.39004,-68.24861,faa-nasr
MAANO,42.2233,-71.19257,faa-nasr
MABYG,41.92314,-71.49617,faa-nasr
MABYT,41.91443,-71.48835,faa-nasr
MADAF,42.79664,-70.84392,faa-nasr
MADAH,43.95261,-70.34428,faa-nasr
MAFSU,44.26417,-68.3976,faa-nasr
MAGEE,54.79154,-5.60834,uk-aip
MAGHI,45.02044,-70.74628,faa-nasr
MAGRE,41.82052,-71.90063,faa-nasr
MAHAX,41.73133,-71.42208,faa-nasr
MAHUT,45.17588,-67.28316,faa-nasr
MAINA,43.65389,-70.44616,faa-nasr
MAIRS,44.54776,-69.4898,faa-nasr
MAJIH,42.27876,-71.20405,faa-nasr
MAKER,42.48763,-71.47324,faa-nasr
MALDY,42.43108,-71.09871,faa-nasr
MALOT,53.0,-15.0,ie-aip
MANCH,42.87001,-71.36848,faa-nasr
MAPAG,51.0,-8.5,ie-aip
MAPKE,44.48317,-71.1686,faa-nasr
MAPLY,43.91438,-69.89857,faa-nasr
MAPME,44.49245,-71.57793,faa-nasr
MAPST,46.09626,-67.98184,faa-nasr
MARBB,42.53351,-70.76592,faa-nasr
MARQE,44.39509,-68.53304,faa-nasr
MARSY,44.69969,-68.6485,faa-nasr
MASKY,41.69201,-70.38558,faa-nasr
MASNE,42.89,-71.61646,faa-nasr
MATIK,61.0,-8.06667,uk-aip
MATUE,41.47028,-70.58265,faa-nasr
MAVJO,42.15177,-71.29774,faa-nasr
MAXAR,61.46667,-58.0,faa-nasr
MAYNE,44.55976,-68.91708,faa-nasr
MAYTA,41.66665,-70.75304,faa-nasr
MCKEE,56.67194,-66.99917,faa-nasr
MECEJ,41.76931,-70.117,faa-nasr
MEEMS,44.67122,-67.74118,faa-nasr
MELDI,52.73333,-56.35,faa-nasr
MEMAE,42.57739,-70.93603,faa-nasr
MENLA,44.33424,-69.83212,faa-nasr
MENRE,44.23157,-70.67796,faa-nasr
MESHL,43.32002,-70.16334,faa-nasr
MIAOU,42.58986,-70.87608,faa-nasr
MIBME,45.63836,-70.27064,faa-nasr
MIBNO,60.58333,-62.53333,faa-nasr
MIDHY,43.16844,-70.63828,faa-nasr
MIGLI,49.52583,-58.24667,faa-nasr
MIIKE,44.88045,-68.93321,faa-nasr
MIILS,46.87361,-67.04833,faa-nasr
MILIS,42.10516,-71.31156,faa-nasr
MILTT,42.27364,-71.04919,faa-nasr
MIMIC,41.82656,-71.57123,faa-nasr
MIMKU,56.0,-10.0,uk-aip
MINNK,41.3613,-71.42422,faa-nasr
MISBE,43.96059,-69.85037,faa-nasr
MIVAX,47.43929,-70.15941,faa-nasr
MMAAX,44.39282,-68.21715,faa-nasr
MMOOS,44.38096,-68.35099,faa-nasr
MNSFD,41.99508,-71.18618,faa-nasr
MNTIN,42.85917,-71.39081,faa-nasr
MNTLA,46.66456,-67.9948,faa-nasr
MOBGE,43.58743,-71.18863,faa-nasr
MODGO,60.44524,-7.66533,uk-aip
MODLE,42.39693,-71.20872,faa-nasr
MOEEE,41.66147,-69.53143,faa-nasr
MOGFE,44.82981,-70.05761,faa-nasr
MOGLO,55.5,-14.0,uk-aip
MOLAK,54.61358,-9.50631,uk-aip
MOMIN,53.11333,-9.39278,ie-aip
MONSO,41.97677,-70.84089,faa-nasr
MONTK,40.81477,-71.01264,faa-nasr
MOPAT,51.49867,-7.09367,uk-aip
MOPOM,53.68111,-9.31333,ie-aip
MORAG,52.75278,-5.5,uk-aip
MORIS,42.44613,-71.02622,faa-nasr
MORRK,43.71993,-70.28315,faa-nasr
MOTPE,43.18922,-71.57016,faa-nasr
MOWND,45.37667,-66.65722,faa-nasr
MOYER,44.20836,-69.96874,faa-nasr
MOZMO,45.48209,-68.78541,faa-nasr
MRKEE,43.7669,-70.3829,faa-nasr
MSAAD,42.75763,-71.21015,faa-nasr
MSTIC,43.96613,-70.06109,faa-nasr
MTAPN,42.28098,-71.05567,faa-nasr
MTBLU,44.46407,-70.06154,faa-nasr
MUGGY,42.89576,-71.75478,faa-nasr
MURMR,42.33443,-70.9645,faa-nasr
MUSAK,48.0,-52.0,faa-nasr
MUSLO,60.16667,-62.0,faa-nasr
MUSVA,64.0,-63.0,faa-nasr
MUTNY,46.21566,-67.52008,faa-nasr
MYNOT,42.2855,-70.75055,faa-nasr
MYOPY,43.13201,-70.67819,faa-nasr
MYSON,43.28351,-70.58498,faa-nasr
MYSTK,42.44722,-71.11745,faa-nasr
NABAH,41.74295,-71.27629,faa-nasr
NABBO,42.19519,-71.087,faa-nasr
NALAN,61.0,-6.0,uk-aip
NALDI,64.5,-63.0,faa-nasr
NANKE,46.63278,-68.02765,faa-nasr
NANSO,44.48889,-56.07111,faa-nasr
NASBA,49.0,-13.0,ie-aip
NASHU,45.04223,-68.53726,faa-nasr
NAVEM,53.92556,-9.39889,ie-aip
NAXGE,44.27189,-68.8099,faa-nasr
NAXIE,43.54508,-70.3673,faa-nasr
NEBIN,53.5,-15.0,ie-aip
NEEKO,52.4,-55.83333,faa-nasr
NEETS,43.5141,-71.1556,faa-nasr
NELBO,54.49004,-5.30289,uk-aip
NERTU,49.0,-14.0,uk-aip
NESTT,41.35996,-71.33483,faa-nasr
NETKI,55.0,-14.0,uk-aip
NEVRI,54.06834,-6.26984,uk-aip
NEWBE,41.20678,-71.07414,faa-nasr
NEXAT,51.93889,-6.57556,ie-aip
NHANT,42.43979,-70.96666,faa-nasr
NIBOG,55.0,-10.0,uk-aip
NIBUE,44.40286,-68.57993,faa-nasr
NICOD,41.41011,-71.19844,faa-nasr
NICSO,47.5,-52.0,faa-nasr
NICXI,52.01289,-5.05494,uk-aip
NIELD,45.10264,-68.57527,faa-nasr
NIFTY,60.96667,-58.0,faa-nasr
NIKKO,42.76039,-70.03376,faa-nasr
NILAV,45.0,-13.41667,uk-aip
NILUW,43.48116,-71.72182,faa-nasr
NIMAT,53.96503,-5.74215,uk-aip
NIMOY,42.30159,-70.92058,faa-nasr
NINEX,58.85543,-9.5,uk-aip
NIPIT,54.45258,-8.40272,uk-aip
NIRIF,52.29885,-5.56787,uk-aip
NIYIL,44.05262,-71.1434,faa-nasr
NOCIY,44.43836,-69.05456,faa-nasr
NOKTE,45.01144,-70.71994,faa-nasr
NOLEY,42.58547,-70.89798,faa-nasr
NOLLI,44.12819,-70.14693,faa-nasr
NOMBE,42.99794,-71.73404,faa-nasr
NONBE,43.53698,-71.47219,faa-nasr
NONOE,45.06539,-67.36054,faa-nasr
NONUE,44.36471,-71.97761,faa-nasr
NORIY,42.82508,-71.60446,faa-nasr
NORLA,51.61912,-6.8698,uk-aip
NOSAF,42.25113,-71.69898,faa-nasr
NOSNE,44.03069,-70.64541,faa-nasr
NOSUH,41.83266,-71.46664,faa-nasr
NOTTY,44.03258,-71.11984,faa-nasr
NOVCE,41.85663,-70.15147,faa-nasr
NOVOK,42.3816,-61.20156,faa-nasr
NOXKS,44.09331,-69.22396,faa-nasr
NOXSE,41.77933,-71.74108,faa-nasr
NTHLT,46.63227,-67.98287,faa-nasr
NUBLE,43.16621,-70.71652,faa-nasr
NUBRY,42.78576,-70.85576,faa-nasr
NUMPI,54.14449,-5.59341,uk-aip
NUNKE,41.76167,-69.89521,faa-nasr
NUNZO,42.03089,-71.20371,faa-nasr
NUUKM,42.83179,-71.92791,faa-nasr
NUVZA,42.81357,-70.97415,faa-nasr
OBKOE,46.61502,-68.02108,faa-nasr
OBTEK,46.79028,-71.28333,faa-nasr
OBUBA,57.77789,-7.55529,uk-aip
OBUBE,41.39318,-69.87806,faa-nasr
OCAGO,43.8598,-69.1655,faa-nasr
OCASI,43.48766,-71.02414,faa-nasr
OCESA,44.67078,-66.95204,faa-nasr
OCITU,43.72211,-70.2192,faa-nasr
ODANU,49.91667,-12.5,ie-aip
ODBOS,45.92506,-70.84604,faa-nasr
ODIKE,44.66849,-69.09318,faa-nasr
ODOLE,41.52081,-70.81092,faa-nasr
ODOMY,41.72846,-71.04486,faa-nasr
ODOVE,44.08176,-68.81081,faa-nasr
ODPEX,59.40991,-9.5,uk-aip
ODVAE,43.63816,-71.52291,faa-nasr
OFSOX,52.02922,-5.19545,uk-aip
OFTHE,42.80094,-71.44522,faa-nasr
OGATH,44.64155,-68.48422,faa-nasr
OGBAE,41.53657,-70.66696,faa-nasr
OGFIG,41.87015,-71.06844,faa-nasr
OGNQT,43.24668,-70.63819,faa-nasr
OGTUG,53.67,-5.14722,uk-aip
OHOCO,44.79433,-71.63678,faa-nasr
OJUCU,41.70434,-70.83398,faa-nasr
OKIME,44.14314,-69.07037,faa-nasr
OKIPY,44.89799,-69.18612,faa-nasr
OKLAE,42.90336,-70.85601,faa-nasr
OKOHO,41.53077,-70.63172,faa-nasr
OKOKE,46.82598,-68.00105,faa-nasr
OLAPO,53.78028,-7.29472,ie-aip
OLDMN,42.80308,-71.51317,faa-nasr
OLFIR,44.44265,-69.48667,faa-nasr
OLGON,53.5,-14.0,ie-aip
OLKEE,46.87999,-67.81542,faa-nasr
OLLIV,42.56327,-71.77434,faa-nasr
OLONO,52.72306,-6.77889,ie-aip
OMABE,41.88614,-71.08551,faa-nasr
OMALI,45.51223,-71.33361,faa-nasr
OMDEE,42.98103,-71.47667,faa-nasr
OMDOW,44.00883,-69.62924,faa-nasr
OMNEW,47.25612,-68.58933,faa-nasr
OMOKO,48.83897,-12.0,uk-aip
OMSAT,47.0,-52.0,faa-nasr
OMTOL,51.08333,-71.83333,faa-nasr
OMUFE,41.64779,-70.65991,faa-nasr
OMVOZ,42.39327,-70.99136,faa-nasr
OMYOX,44.93872,-68.50134,faa-nasr
ONEIF,42.61034,-71.17445,faa-nasr
ONGEE,43.00205,-71.3572,faa-nasr
ONMEW,43.77487,-69.31583,faa-nasr
ONOXY,41.44851,-70.69845,faa-nasr
ONRAE,41.99957,-70.57367,faa-nasr
ONSAY,45.14043,-67.38863,faa-nasr
ONTAE,42.75082,-71.44735,faa-nasr
OOSHN,42.60151,-70.23121,faa-nasr
OPAGE,44.42391,-71.7215,faa-nasr
OPIPE,45.64491,-69.8995,faa-nasr
OQDEK,42.36493,-70.96102,faa-nasr
ORCHD,43.421,-70.35472,faa-nasr
ORDIE,43.00284,-71.47572,faa-nasr
ORKOE,44.95889,-70.84347,faa-nasr
ORMIW,41.59937,-70.41986,faa-nasr
OROSE,44.96016,-69.43441,faa-nasr
ORRRR,42.42458,-70.75373,faa-nasr
ORSUM,57.05207,-5.29472,uk-aip
ORTAV,59.5,-10.0,uk-aip
ORTOM,51.27083,-8.29944,ie-aip
ORTON,41.89267,-71.24707,faa-nasr
OSBON,61.0,-5.0,uk-aip
OSBOX,56.80639,-12.80167,uk-aip
OSGAR,53.04944,-7.27028,ie-aip
OSPEE,43.52072,-71.5914,faa-nasr
OSSER,41.03707,-71.20341,faa-nasr
OUTED,43.70328,-70.26375,faa-nasr
OUTTT,41.60178,-71.8471,faa-nasr
OVAYA,43.64948,-70.24465,faa-nasr
OVOPE,41.76863,-70.78223,faa-nasr
OVZOG,50.85176,-7.25827,uk-aip
OWLET,42.309,-71.6113,faa-nasr
OYIVE,42.54216,-71.21623,faa-nasr
OYPEZ,41.54042,-70.79337,faa-nasr
OYULI,42.32393,-71.12335,faa-nasr
PAARK,42.34412,-70.99983,faa-nasr
PAATI,44.54752,-67.9161,faa-nasr
PAIRY,44.70818,-69.79712,faa-nasr
PAMLA,42.13643,-71.71215,faa-nasr
PARSO,43.67521,-70.77508,faa-nasr
PATSS,42.08907,-71.71084,faa-nasr
PATTA,45.98223,-69.5962,faa-nasr
PAULI,41.46978,-70.52261,faa-nasr
PAVLO,50.93466,-5.89563,uk-aip
PAYIK,44.36332,-71.66251,faa-nasr
PAYIR,42.56945,-71.43222,faa-nasr
PBUDY,42.30282,-71.40389,faa-nasr
PCFUL,42.34605,-70.69176,faa-nasr
PEAKE,41.5708,-70.40878,faa-nasr
PEASE,43.08447,-70.83197,faa-nasr
PEATT,43.63617,-70.18363,faa-nasr
PEBME,41.57541,-70.61983,faa-nasr
PEEKI,43.67237,-70.19393,faa-nasr
PEENK,45.65039,-69.10144,faa-nasr
PEKAZ,43.54676,-71.47505,faa-nasr
PELAN,42.75556,-71.32984,faa-nasr
PELIG,53.19972,-7.33333,ie-aip
PELTU,52.1,-55.16667,faa-nasr
PEMOB,52.14382,-5.16143,uk-aip
PEOPL,42.26604,-70.74624,faa-nasr
PEPDE,41.87781,-70.44059,faa-nasr
PEPKI,59.73333,-61.61667,faa-nasr
PEPOD,54.2712,-5.56924,uk-aip
PEPRA,44.93722,-56.23167,faa-nasr
PESIC,46.69922,-67.96566,faa-nasr
PESIT,52.39917,-5.75667,ie-aip
PETAE,43.02389,-71.95613,faa-nasr
PETEJ,41.39914,-70.82629,faa-nasr
PEVAN,55.78333,-11.33333,ie-aip
PEWBI,51.31417,-5.02952,uk-aip
PEYSI,44.35491,-69.81087,faa-nasr
PFRED,41.66583,-71.88417,faa-nasr
PGOLF,41.50041,-70.62096,faa-nasr
PHIGG,44.05434,-69.39528,faa-nasr
PHONY,42.01758,-70.34415,faa-nasr
PIBOI,44.37353,-68.95902,faa-nasr
PIBOW,44.30468,-69.92555,faa-nasr
PIDSO,60.46667,-58.0,faa-nasr
PIERR,45.03705,-67.25507,faa-nasr
PIGET,55.83333,-12.5,ie-aip
PIKIL,56.0,-15.0,uk-aip
PINTE,46.4458,-70.05035,faa-nasr
PIPPO,44.74843,-71.269,faa-nasr
PITRE,46.56991,-68.00442,faa-nasr
PIYOR,43.83267,-69.0087,faa-nasr
PLGRM,42.38762,-70.8555,faa-nasr
PLYMM,42.04375,-70.42691,faa-nasr
PMMKN,43.67867,-70.18324,faa-nasr
PNARD,42.83164,-71.92788,faa-nasr
PNBOB,45.18209,-68.54225,faa-nasr
POBAH,41.59717,-71.41217,faa-nasr
POKUE,44.57573,-69.31438,faa-nasr
PONEY,43.71236,-70.7992,faa-nasr
PONNC,43.74468,-70.21865,faa-nasr
POPPP,42.82313,-71.91978,faa-nasr
PORTI,46.5,-52.0,faa-nasr
PPICE,41.89316,-69.88042,faa-nasr
PPORT,43.08989,-70.99141,faa-nasr
PRENT,45.65631,-68.06596,faa-nasr
PRLJM,40.0,-71.81667,faa-nasr
PROES,42.67809,-71.8262,faa-nasr
PROUT,44.27131,-70.27089,faa-nasr
PROVI,41.72374,-71.43171,faa-nasr
PTRIK,42.52729,-70.82063,faa-nasr
PUDJJ,42.48016,-70.29686,faa-nasr
PUDYE,43.17234,-70.90055,faa-nasr
PURBL,42.96237,-71.67738,faa-nasr
PUTNM,41.95546,-71.8441,faa-nasr
PUTRE,43.1542,-71.38199,faa-nasr
PUVIE,44.78402,-69.57164,faa-nasr
PUVOK,54.81449,-66.75489,faa-nasr
PUWFI,44.98486,-70.64798,faa-nasr
QIYFE,44.93822,-70.58839,faa-nasr
QOSNU,42.90856,-71.9809,faa-nasr
QUBIS,47.53337,-67.76614,faa-nasr
QUINC,42.01204,-70.75266,faa-nasr
RADUN,59.96667,-58.0,faa-nasr
RAEGN,45.28171,-68.46152,faa-nasr
RAFIN,44.88333,-51.80472,faa-nasr
RANGY,44.8034,-70.6811,faa-nasr
RARTE,44.91681,-70.56109,faa-nasr
RATKA,49.5,-8.0,uk-aip
RATSU,61.0,-10.0,uk-aip
RAWNE,47.08404,-68.14853,faa-nasr
RAYMY,43.06025,-71.11171,faa-nasr
RAYNM,41.89318,-70.97323,faa-nasr
RAZZR,44.22125,-69.58674,faa-nasr
RBELA,42.83277,-70.95499,faa-nasr
RBUDD,41.42214,-70.32012,faa-nasr
RDHOK,42.49336,-71.05582,faa-nasr
RDUKE,42.33099,-70.95991,faa-nasr
REDEO,43.64118,-70.25677,faa-nasr
REDLE,42.95095,-70.87684,faa-nasr
REDSX,41.92263,-70.23494,faa-nasr
RELIC,46.0,-52.0,faa-nasr
REMDG,42.80309,-70.49723,faa-nasr
RENCH,41.62212,-71.4983,faa-nasr
REPLY,45.65431,-70.47108,faa-nasr
REPOY,41.82303,-71.03349,faa-nasr
RESNO,55.0,-15.0,uk-aip
REVEN,45.55271,-70.70053,faa-nasr
REVER,42.44097,-70.96147,faa-nasr
REVNU,54.46667,-10.11667,ie-aip
REVSS,42.34544,-71.8103,faa-nasr
REZDI,43.60779,-71.30195,faa-nasr
RHINA,41.16556,-71.69279,faa-nasr
RIDRE,42.99726,-71.11302,faa-nasr
RIFER,43.09676,-70.73732,faa-nasr
RIKAH,42.5514,-71.41867,faa-nasr
RIKAL,51.8,-54.53333,faa-nasr
RIKUL,53.05778,-8.34583,ie-aip
RILED,52.5,-14.0,ie-aip
RIMVU,53.75309,-5.14019,uk-aip
RINGA,54.39846,-5.57102,uk-aip
RINTH,45.01868,-69.09879,faa-nasr
RINUS,53.64417,-7.66222,ie-aip
RIPIT,42.37994,-70.87589,faa-nasr
RIRXI,41.63182,-70.24646,faa-nasr
ROBOP,54.45238,-5.33482,uk-aip
ROBUC,41.67892,-71.58512,faa-nasr
ROCHS,43.26991,-70.93452,faa-nasr
ROCOW,45.69321,-69.21175,faa-nasr
RODBO,60.08333,-65.16667,faa-nasr
RODEE,42.59951,-69.94859,faa-nasr
RODEL,50.5,-15.0,uk-aip
RODME,41.45016,-71.03866,faa-nasr
RODYE,43.87665,-70.39177,faa-nasr
ROGGR,42.46403,-71.21647,faa-nasr
ROGSA,46.12413,-71.69516,faa-nasr
ROLAF,44.28238,-69.86566,faa-nasr
ROLNS,43.22771,-70.8407,faa-nasr
ROTEV,54.02881,-6.06622,uk-aip
ROUAN,42.87276,-71.27838,faa-nasr
ROZZE,42.82924,-71.99246,faa-nasr
RRENA,42.50409,-71.53999,faa-nasr
RSALA,44.11194,-68.67653,faa-nasr
RUBDA,45.79417,-56.54778,faa-nasr
RUBEX,55.32004,-6.93534,uk-aip
RUBLE,41.47046,-71.2375,faa-nasr
RUBOC,45.8474,-67.77441,faa-nasr
RUCIG,45.35658,-69.26596,faa-nasr
RUKOH,52.2119,-5.73821,uk-aip
RULAV,53.43732,-5.16701,uk-aip
RUSEL,42.01015,-71.41726,faa-nasr
RUXIN,56.28194,-12.0,uk-aip
RYDER,43.34975,-70.58889,faa-nasr
RYLAN,42.38876,-70.74188,faa-nasr
SAACO,43.2493,-70.22435,faa-nasr
SAAGE,44.7784,-68.69648,faa-nasr
SAAWA,44.94376,-68.56175,faa-nasr
SACTO,43.29673,-70.45812,faa-nasr
SAILE,41.18577,-67.89571,faa-nasr
SALME,41.77249,-71.57587,faa-nasr
SALNE,42.34773,-71.12327,faa-nasr
SAMON,51.3225,-7.41778,uk-aip
SAPPE,43.62706,-70.052,faa-nasr
SATAN,43.38587,-70.80308,faa-nasr
SATLY,44.17923,-69.6578,faa-nasr
SAUGY,41.48945,-71.80054,faa-nasr
SAVLE,41.9633,-70.91284,faa-nasr
SAVRY,59.46667,-58.0,faa-nasr
SAWTO,44.96501,-70.60782,faa-nasr
SAXAN,51.48333,-53.85,faa-nasr
SBAGO,43.73723,-70.49173,faa-nasr
SCALD,41.97239,-70.8277,faa-nasr
SCARB,43.56307,-70.15497,faa-nasr
SCITU,42.27874,-70.76061,faa-nasr
SCOAR,42.31262,-70.63751,faa-nasr
SCOGS,43.16224,-70.30087,faa-nasr
SCOTS,44.5,-64.0,faa-nasr
SCUPP,42.60306,-70.23037,faa-nasr
SEABE,41.77903,-71.51174,faa-nasr
SEADO,43.74332,-70.15909,faa-nasr
SEEDY,43.07588,-70.61352,faa-nasr
SEHAG,42.46804,-70.78505,faa-nasr
SEMTE,43.26916,-70.74224,faa-nasr
SEMTO,59.23333,-67.0,faa-nasr
SENOE,42.96686,-71.24683,faa-nasr
SEPAE,42.9731,-70.91161,faa-nasr
SERBO,52.10167,-60.71639,faa-nasr
SEROC,43.16739,-70.49205,faa-nasr
SERPA,43.83986,-70.6658,faa-nasr
SEVIE,44.67243,-67.91541,faa-nasr
SEZTY,44.70794,-68.45871,faa-nasr
SHAAN,42.57989,-70.82761,faa-nasr
SHAGG,42.45565,-71.17894,faa-nasr
SHANK,42.62806,-68.48722,faa-nasr
SHAUN,42.67618,-70.64085,faa-nasr
SHAWE,44.35292,-69.82155,faa-nasr
SHDKN,42.6079,-71.38858,faa-nasr
SHHAR,40.98374,-71.3057,faa-nasr
SHINY,44.81854,-70.91953,faa-nasr
SHMYT,42.31091,-71.03709,faa-nasr
SHOEL,42.99083,-70.87789,faa-nasr
SHOLS,42.91853,-70.67976,faa-nasr
SHOWZ,42.80542,-71.58101,faa-nasr
SHPYD,44.27548,-68.51251,faa-nasr
SHUSH,42.32798,-70.91205,faa-nasr
SICOS,41.42355,-70.92117,faa-nasr
SILOC,41.36133,-70.64815,faa-nasr
SILVE,42.91208,-70.61352,faa-nasr
SINGA,59.21667,-61.08333,faa-nasr
SITLE,42.96539,-71.45354,faa-nasr
SIVME,42.96461,-71.48061,faa-nasr
SKIHL,44.38066,-70.72531,faa-nasr
SKOWL,41.26311,-71.27899,faa-nasr
SLAMZ,43.55869,-69.97429,faa-nasr
SLANY,52.15856,-5.84213,uk-aip
SLFUR,43.89182,-70.67242,faa-nasr
SLOWW,42.21054,-71.80249,faa-nasr
SLYDA,54.20121,-5.08752,uk-aip
SMARI,41.62539,-71.2255,faa-nasr
SMITY,41.93401,-70.70359,faa-nasr
SMUDG,45.47072,-69.1984,faa-nasr
SNAPO,41.8759,-71.87746,faa-nasr
SNDBA,42.45473,-70.89353,faa-nasr
SNOOH,42.63472,-70.65892,faa-nasr
SOBAH,42.23735,-70.14536,faa-nasr
SOFEA,42.54784,-70.81156,faa-nasr
SOFEE,41.84317,-71.25893,faa-nasr
SOFOB,41.72901,-70.00807,faa-nasr
SOMAX,50.0,-15.0,uk-aip
SONEY,41.46124,-71.85858,faa-nasr
SOSYO,42.48735,-71.43215,faa-nasr
SOVED,56.0,-14.0,uk-aip
SOVIX,51.4275,-8.56278,ie-aip
SPAGS,42.26014,-71.74836,faa-nasr
SPDWY,44.04004,-70.29762,faa-nasr
SPENY,44.89683,-70.53563,faa-nasr
SPUDD,46.81482,-68.22756,faa-nasr
SPYSD,42.44957,-71.02701,faa-nasr
SPYTR,43.66116,-70.23769,faa-nasr
SQUAM,43.77778,-71.4836,faa-nasr
SQUEL,42.11377,-71.76599,faa-nasr
SRENE,42.34078,-70.82683,faa-nasr
SRFRS,43.50352,-70.37061,faa-nasr
SRINO,42.46604,-70.83092,faa-nasr
SSAAM,42.63209,-71.38607,faa-nasr
SSOXS,41.83684,-70.74618,faa-nasr
STAYC,42.51293,-70.79741,faa-nasr
STEEM,42.25833,-70.81139,faa-nasr
STEPS,42.87565,-71.96047,faa-nasr
STEVO,42.93668,-70.92783,faa-nasr
STIME,42.03934,-71.27912,faa-nasr
STOGE,42.11901,-71.13054,faa-nasr
STOOL,41.1725,-71.32639,faa-nasr
STPLS,44.02714,-68.98394,faa-nasr
STRTN,45.09604,-70.21412,faa-nasr
STUFY,41.677,-71.63366,faa-nasr
SUFFI,43.02491,-69.91714,faa-nasr
SUFOK,41.16322,-71.82892,faa-nasr
SUGLF,45.07526,-70.21064,faa-nasr
SUMAW,44.94474,-68.57358,faa-nasr
SUMNA,43.91476,-70.57028,faa-nasr
SUNOT,57.0,-15.0,uk-aip
SUPIT,57.33237,-7.08498,uk-aip
SUPRY,45.5,-52.0,faa-nasr
SUROX,53.99667,-6.99333,ie-aip
SUTEX,52.82444,-6.93028,ie-aip
SUTKO,46.51583,-56.82167,faa-nasr
SUVAN,51.41667,-12.5,ie-aip
SUVVO,42.47637,-71.34951,faa-nasr
SUZEY,42.803,-70.89121,faa-nasr
SWEER,44.03729,-70.70443,faa-nasr
SWIGG,42.53294,-71.24372,faa-nasr
SWLCH,43.4169,-70.5282,faa-nasr
SYLVA,42.53371,-70.95088,faa-nasr
TAALE,42.62626,-70.77187,faa-nasr
TAATE,43.68122,-69.96478,faa-nasr
TABME,42.97974,-70.92179,faa-nasr
TABRU,50.23212,-66.27372,faa-nasr
TABUU,44.35599,-68.42337,faa-nasr
TABVE,43.25038,-70.81782,faa-nasr
TADBE,42.9307,-71.30022,faa-nasr
TADEX,54.85653,-8.23375,uk-aip
TAFFY,47.37338,-67.3039,faa-nasr
TAGRA,47.17833,-57.07889,faa-nasr
TAKAS,49.0,-8.0,uk-aip
TALIG,49.51653,-5.8012,uk-aip
TALPY,41.78156,-70.84678,faa-nasr
TAMEL,48.72848,-10.49717,uk-aip
TAPSE,43.07126,-71.82748,faa-nasr
TAQYU,44.77724,-69.96815,faa-nasr
TARIF,41.2084,-69.89894,faa-nasr
TARSE,41.61795,-70.70033,faa-nasr
TASKT,42.3216,-70.86848,faa-nasr
TAYUN,42.60113,-71.8354,faa-nasr
TEALS,55.64861,-66.99917,faa-nasr
TECLO,44.79678,-68.60092,faa-nasr
TECOG,46.40964,-67.72188,faa-nasr
TEETO,42.8131,-71.70761,faa-nasr
TEFFO,62.8,-67.0,faa-nasr
TEKKK,42.41274,-71.09864,faa-nasr
TEKTE,44.1333,-69.86933,faa-nasr
TELLE,42.37321,-71.46343,faa-nasr
TEMPR,43.88333,-71.26667,faa-nasr
TETAE,42.77241,-71.98056,faa-nasr
TEWKS,42.58106,-71.26692,faa-nasr
TEXEE,45.17284,-67.5253,faa-nasr
THDER,44.21342,-68.77995,faa-nasr
TIBGA,52.39068,-5.45139,uk-aip
TIBOS,46.6475,-71.43083,faa-nasr
TICBU,44.55907,-69.20127,faa-nasr
TIDGO,53.84389,-9.37028,ie-aip
TIKCA,51.49266,-5.45038,uk-aip
TIMVE,42.75187,-71.48939,faa-nasr
TIPKE,44.67204,-69.34436,faa-nasr
TIPUR,52.58917,-8.12528,ie-aip
TISMO,52.13472,-8.01306,ie-aip
TIUTE,41.85636,-71.07102,faa-nasr
TJAYY,42.31034,-70.96589,faa-nasr
TKMAN,42.58194,-71.18089,faa-nasr
TNUCK,42.26258,-71.8661,faa-nasr
TOBKE,43.8839,-70.21524,faa-nasr
TOBMO,56.7606,-6.46959,uk-aip
TOBOR,52.5,-15.0,ie-aip
TOLLY,44.39892,-69.62658,faa-nasr
TOMIE,43.16966,-71.45701,faa-nasr
TOMTO,52.87361,-8.15139,ie-aip
TONNI,42.37335,-70.61353,faa-nasr
TONOE,42.36626,-71.08314,faa-nasr
TOPPS,45.34018,-67.73864,faa-nasr
TOPTO,42.48722,-71.40794,faa-nasr
TORLU,52.98778,-7.58306,ie-aip
TORPY,41.45849,-70.87838,faa-nasr
TORVE,42.88447,-71.95405,faa-nasr
TOSPE,43.40908,-70.39209,faa-nasr
TOWBT,41.13204,-70.13684,faa-nasr
TOXAL,45.14278,-71.58222,faa-nasr
TOXIT,58.96667,-58.0,faa-nasr
TRAFT,42.54472,-70.8575,faa-nasr
TRAIT,41.28465,-71.9176,faa-nasr
TRASS,43.405,-71.12031,faa-nasr
TRCIE,42.37492,-70.80567,faa-nasr
TREKY,44.55623,-68.42419,faa-nasr
TRESE,44.87606,-71.51654,faa-nasr
TRIDO,43.55857,-70.6436,faa-nasr
TRIER,45.56886,-70.6134,faa-nasr
TRIMS,43.73957,-70.13064,faa-nasr
TRITO,45.45197,-69.58933,faa-nasr
TROYY,42.08043,-71.79509,faa-nasr
TTATT,43.05033,-70.80071,faa-nasr
TTERI,42.52957,-70.51526,faa-nasr
TUBLE,44.35663,-69.7931,faa-nasr
TUBUY,43.54445,-71.51282,faa-nasr
TUCOY,42.63983,-71.35231,faa-nasr
TUDEP,51.16667,-53.23333,faa-nasr
TUFFI,44.82308,-70.44187,faa-nasr
TUGBT,41.6585,-70.07138,faa-nasr
TUGSI,54.0,-7.18333,ie-aip
TUGUB,45.97836,-67.78117,faa-nasr
TULTA,48.57683,-8.0,uk-aip
TULUE,43.88671,-69.32244,faa-nasr
TUMAE,42.99004,-71.67284,faa-nasr
TUNUY,42.85501,-70.97481,faa-nasr
TURLU,50.07639,-8.0,uk-aip
TURTE,45.64988,-68.83067,faa-nasr
TUSKY,43.565,-67.0,faa-nasr
TUSTY,46.33344,-67.79924,faa-nasr
TUTOR,41.65463,-70.95801,faa-nasr
TUVEN,51.0,-8.25,ie-aip
TUXOS,55.97336,-7.5265,uk-aip
TUYOP,42.89521,-71.53742,faa-nasr
TUYUC,43.48161,-71.72034,faa-nasr
TWINC,43.65457,-70.16284,faa-nasr
TWOIF,42.47129,-71.14205,faa-nasr
TYING,45.15467,-69.19974,faa-nasr
TYLIR,43.05915,-71.16712,faa-nasr
UCCOX,44.62509,-69.88854,faa-nasr
UCENO,44.41983,-69.86894,faa-nasr
UCFAM,44.0676,-68.80811,faa-nasr
UDMAR,57.58333,-62.91667,faa-nasr
UFAZY,45.57248,-68.58625,faa-nasr
UFTAC,41.11693,-70.2444,faa-nasr
UJEFO,41.50851,-71.57431,faa-nasr
UJEGE,42.53639,-71.08245,faa-nasr
UKOYO,46.78424,-67.98736,faa-nasr
ULAKY,43.67622,-71.96897,faa-nasr
ULLAP,57.9,-5.16922,uk-aip
ULOGE,45.63077,-68.62725,faa-nasr
ULOVY,46.97297,-68.04947,faa-nasr
ULTAG,53.70028,-6.73806,ie-aip
UMAIN,44.88608,-68.94204,faa-nasr
UMANE,41.83523,-69.80022,faa-nasr
UMESI,50.83333,-52.6,faa-nasr
UMUMY,44.94474,-71.45514,faa-nasr
UNAVY,44.96234,-68.79041,faa-nasr
UNBEG,52.805,-9.73,ie-aip
UNIRE,42.55555,-70.88154,faa-nasr
UNIWY,41.34429,-70.53703,faa-nasr
UNLID,51.20917,-10.72472,ie-aip
UNTER,41.83807,-71.46475,faa-nasr
UNUYE,45.06773,-68.43956,faa-nasr
UPCAB,50.89675,-6.3171,uk-aip
UPDIZ,44.48826,-69.91759,faa-nasr
UPEYA,42.96383,-71.75133,faa-nasr
UPUJE,44.89281,-70.57795,faa-nasr
URFAX,42.71809,-70.9381,faa-nasr
URTAK,58.46667,-58.0,faa-nasr
URTEJ,43.21805,-71.55974,faa-nasr
USEZO,44.34076,-68.91086,faa-nasr
USNEC,44.10973,-70.84659,faa-nasr
UTBEQ,41.71328,-71.01932,faa-nasr
UYOSI,45.12536,-68.54359,faa-nasr
VACBU,43.25918,-71.77128,faa-nasr
VAILA,42.26698,-71.7359,faa-nasr
VAKPO,54.1903,-5.37756,uk-aip
VAPAL,51.87861,-7.82167,ie-aip
VATRY,52.55444,-5.5,uk-aip
VEGGS,46.87045,-68.11599,faa-nasr
VENER,54.5,-15.0,uk-aip
VENTE,42.14009,-71.89391,faa-nasr
VERMT,45.16761,-67.3078,faa-nasr
VESMI,57.96667,-58.0,faa-nasr
VESSL,41.14528,-70.59209,faa-nasr
VIENA,44.56938,-69.94423,faa-nasr
VIGDU,45.47368,-67.49552,faa-nasr
VIGYU,41.49892,-70.09422,faa-nasr
VINDI,45.67117,-70.51969,faa-nasr
VINSI,47.89833,-57.36583,faa-nasr
VITOL,41.78333,-67.0,faa-nasr
VIVIL,46.16224,-70.88723,faa-nasr
VOCUS,42.45408,-70.96189,faa-nasr
VOVCU,42.60483,-70.80388,faa-nasr
VPBAY,42.26944,-70.82472,faa-nasr
VPBIG,41.09444,-71.91667,faa-nasr
VPBLT,42.32778,-70.89,faa-nasr
VPCGS,42.36806,-71.05222,faa-nasr
VPCOH,42.22631,-70.81561,faa-nasr
VPCUT,41.42494,-70.91708,faa-nasr
VPEVS,42.39194,-71.06833,faa-nasr
VPFEN,42.20972,-71.14806,faa-nasr
VPFRA,42.30258,-71.39422,faa-nasr
VPFRE,42.41722,-71.20528,faa-nasr
VPGVL,42.36472,-70.86972,faa-nasr
VPHAM,42.50222,-71.11917,faa-nasr
VPHOL,41.51761,-70.67661,faa-nasr
VPHUL,42.30328,-70.92169,faa-nasr
VPLPT,41.39011,-70.04639,faa-nasr
VPMLT,41.07778,-71.85,faa-nasr
VPNED,42.30842,-71.24394,faa-nasr
VPPEA,42.542,-70.94481,faa-nasr
VPPIK,42.33944,-71.26556,faa-nasr
VPPIT,41.4203,-70.6043,faa-nasr
VPQUA,42.20167,-71.07972,faa-nasr
VPQUB,42.21,-70.99722,faa-nasr
VPSAL,42.79092,-71.22145,faa-nasr
VPSCI,42.19822,-70.72817,faa-nasr
VPSPF,42.40333,-71.15778,faa-nasr
VPTOB,42.52361,-70.99694,faa-nasr
VPTPT,41.30844,-70.05611,faa-nasr
VPTUC,41.30514,-70.25714,faa-nasr
VPWAK,42.51194,-71.08739,faa-nasr
VPWAN,42.61458,-71.32417,faa-nasr
VPWYN,41.3655,-70.6397,faa-nasr
VUPBU,42.1589,-70.39296,faa-nasr
VYNAL,44.18799,-68.79737,faa-nasr
WAATR,42.45782,-70.82554,faa-nasr
WACHU,42.65242,-71.4811,faa-nasr
WACKY,41.34042,-71.8562,faa-nasr
WADET,43.72556,-70.14113,faa-nasr
WAGUM,43.64303,-70.16304,faa-nasr
WAIFS,44.53335,-68.96559,faa-nasr
WAIVS,41.31491,-69.98231,faa-nasr
WAKBI,42.79449,-70.86643,faa-nasr
WALLU,41.74331,-71.64075,faa-nasr
WALOT,44.84616,-71.56063,faa-nasr
WAMED,44.55632,-69.64168,faa-nasr
WANTU,42.34859,-71.05329,faa-nasr
WAPOG,41.42516,-71.91204,faa-nasr
WASAL,44.02422,-70.58789,faa-nasr
WASPO,42.23009,-70.08235,faa-nasr
WATAN,46.00592,-68.15096,faa-nasr
WATIR,41.56132,-71.4001,faa-nasr
WAVBO,43.07574,-71.26512,faa-nasr
WAVON,41.18686,-71.34677,faa-nasr
WAWIK,41.61988,-71.65263,faa-nasr
WAXAL,42.00654,-71.33469,faa-nasr
WAXEN,42.58456,-70.91297,faa-nasr
WBLAK,44.57102,-70.12745,faa-nasr
WEBDI,41.29102,-70.10459,faa-nasr
WEEBB,43.65142,-70.247,faa-nasr
WEENS,44.75334,-69.52138,faa-nasr
WEEZE,42.84804,-70.34335,faa-nasr
WEIPY,45.56004,-69.72273,faa-nasr
WELSO,42.88775,-71.31854,faa-nasr
WELUG,45.59938,-69.84239,faa-nasr
WEMAM,42.27198,-71.74756,faa-nasr
WEMIX,41.75786,-70.72844,faa-nasr
WEMUL,41.80936,-71.04815,faa-nasr
WEPSO,42.56689,-71.42365,faa-nasr
WERID,41.2185,-70.7774,faa-nasr
WESOV,44.06554,-70.67866,faa-nasr
WETFI,53.82974,-5.5,uk-aip
WETRE,41.58803,-70.61404,faa-nasr
WHALE,42.19778,-67.0,faa-nasr
WHAME,44.26028,-68.48422,faa-nasr
WHIPS,41.70433,-70.10592,faa-nasr
WHYBE,42.25384,-71.41654,faa-nasr
WHYOO,43.55687,-70.10784,faa-nasr
WIBAS,42.33719,-71.12364,faa-nasr
WICKD,43.68471,-70.23004,faa-nasr
WIDON,41.64514,-70.99261,faa-nasr
WIDUP,42.48111,-71.16155,faa-nasr
WIFJO,42.63217,-71.36102,faa-nasr
WIKIT,41.64817,-71.48998,faa-nasr
WILKO,45.40907,-69.40421,faa-nasr
WILVI,43.51964,-71.59498,faa-nasr
WIMPY,42.47995,-70.61352,faa-nasr
WINDZ,42.3787,-71.0454,faa-nasr
WINIR,43.22426,-70.86795,faa-nasr
WINNI,42.11714,-71.12451,faa-nasr
WINPO,44.792,-69.68867,faa-nasr
WINTA,42.50346,-71.36657,faa-nasr
WIPNO,42.92414,-71.09412,faa-nasr
WIREG,41.99365,-70.41954,faa-nasr
WIRUB,45.15018,-68.72704,faa-nasr
WISUG,42.26113,-71.74577,faa-nasr
WITCH,42.68329,-70.87954,faa-nasr
WITTR,42.27091,-71.53973,faa-nasr
WIVPA,41.75305,-71.40201,faa-nasr
WIXEL,44.41886,-70.79762,faa-nasr
WIXIV,45.26911,-68.22598,faa-nasr
WNDHM,43.75291,-70.37328,faa-nasr
WOBMU,42.64028,-71.20406,faa-nasr
WOBUR,42.47775,-71.16491,faa-nasr
WODAD,44.25283,-68.28355,faa-nasr
WODDE,42.77368,-71.01916,faa-nasr
WODGI,44.10755,-69.96446,faa-nasr
WOKID,44.38034,-70.72262,faa-nasr
WOLAD,41.80423,-71.31531,faa-nasr
WOLVO,41.49656,-70.6559,faa-nasr
WOMEK,41.94917,-70.49767,faa-nasr
WOONS,41.95058,-71.50704,faa-nasr
WOOPS,43.70224,-70.19841,faa-nasr
WORRN,42.31978,-70.94491,faa-nasr
WOSAD,44.81471,-71.40228,faa-nasr
WOTAM,43.22615,-71.60111,faa-nasr
WOTBU,42.69122,-71.85168,faa-nasr
WOYNU,41.60497,-70.50794,faa-nasr
WRAPT,45.52693,-69.35003,faa-nasr
WUBAT,44.75205,-67.45902,faa-nasr
WUBEP,44.13576,-70.25431,faa-nasr
WUDDE,44.23684,-70.16532,faa-nasr
WUGES,44.73121,-69.07201,faa-nasr
WUGLA,42.05476,-70.73255,faa-nasr
WUGNI,42.23116,-70.486,faa-nasr
WUKBA,43.07143,-70.78002,faa-nasr
WULGA,42.15791,-70.02627,faa-nasr
WUMUB,44.72102,-67.46486,faa-nasr
WUMUP,42.76973,-71.06611,faa-nasr
WUNKU,43.77533,-71.71015,faa-nasr
WUPUP,46.58915,-67.70917,faa-nasr
WUSTI,44.7478,-69.91819,faa-nasr
WUSUP,42.51396,-70.83548,faa-nasr
WUTEG,44.64146,-69.09041,faa-nasr
WUTPI,44.46402,-69.74957,faa-nasr
WYANE,42.53039,-70.92481,faa-nasr
WYLIE,44.24342,-70.9994,faa-nasr
WYLYY,42.30082,-71.10067,faa-nasr
WYMMA,45.13317,-67.46434,faa-nasr
WYMTH,42.21479,-70.82237,faa-nasr
XAWFE,43.36654,-70.76448,faa-nasr
XETBO,52.0,-14.0,ie-aip
XOHWI,42.89157,-71.40992,faa-nasr
XUDAJ,41.60828,-71.41388,faa-nasr
YAABA,41.64367,-71.58,faa-nasr
YAAKK,43.58097,-69.95668,faa-nasr
YAARD,42.22236,-70.83994,faa-nasr
YAAZZ,42.19189,-70.66287,faa-nasr
YADPU,42.2929,-71.57133,faa-nasr
YAHOO,41.06925,-69.74622,faa-nasr
YANTC,41.55634,-71.99915,faa-nasr
YATUT,44.45218,-69.33967,faa-nasr
YBERA,41.63906,-71.52499,faa-nasr
YECKA,43.46893,-71.4372,faa-nasr
YECKU,44.49507,-70.10819,faa-nasr
YEDUL,42.64272,-71.53134,faa-nasr
YEYUV,43.4094,-70.66914,faa-nasr
YIGUC,47.32413,-67.97867,faa-nasr
YIKUP,44.56757,-69.64935,faa-nasr
YINUY,42.82691,-70.87504,faa-nasr
YITUR,42.99271,-70.49728,faa-nasr
YIVUP,41.27791,-70.03145,faa-nasr
YIXCO,44.84623,-68.88426,faa-nasr
YKNOT,45.64253,-68.71902,faa-nasr
YMATT,42.69248,-71.04983,faa-nasr
YODGU,43.11633,-71.44935,faa-nasr
YOKNZ,42.99493,-70.75553,faa-nasr
YOMON,43.4918,-70.02731,faa-nasr
YOSTT,44.47594,-69.52399,faa-nasr
YOULL,42.81308,-71.36366,faa-nasr
YOUUK,42.4455,-71.0098,faa-nasr
YUDUL,44.60597,-69.89317,faa-nasr
YUKES,43.27997,-70.81326,faa-nasr
YUKEY,43.64234,-70.27385,faa-nasr
YUNUK,46.20345,-67.72187,faa-nasr
YURUN,43.54212,-71.52056,faa-nasr
YUWFY,41.46538,-70.85396,faa-nasr
ZABDA,44.77036,-69.69328,faa-nasr
ZAGIX,41.71719,-70.62512,faa-nasr
ZAKTI,45.6502,-68.95889,faa-nasr
ZAKUX,44.35738,-69.82471,faa-nasr
ZAMBE,42.17012,-71.62369,faa-nasr
ZAMKI,42.17953,-71.53399,faa-nasr
ZANAK,45.75887,-69.65686,faa-nasr
ZAPOB,42.57716,-70.96388,faa-nasr
ZASAB,41.58821,-70.19441,faa-nasr
ZASID,41.88495,-70.75783,faa-nasr
ZASMU,42.37719,-71.0218,faa-nasr
ZASNA,41.31124,-70.70506,faa-nasr
ZEDUP,41.46996,-69.97971,faa-nasr
ZEDVI,41.74663,-70.88505,faa-nasr
ZEKOG,45.09392,-70.32458,faa-nasr
ZEKUN,41.71061,-71.43888,faa-nasr
ZELKA,42.49497,-71.55341,faa-nasr
ZEMSI,44.93456,-70.75113,faa-nasr
ZERIR,41.62017,-70.86321,faa-nasr
ZETGU,43.84001,-69.93096,faa-nasr
ZEVAT,45.08879,-69.51647,faa-nasr
ZEXAS,44.039,-70.16388,faa-nasr
ZIGOS,44.07401,-69.15372,faa-nasr
ZIMFA,44.97396,-68.93608,faa-nasr
ZIMOT,42.62996,-71.17426,faa-nasr
ZINDU,42.65831,-70.99571,faa-nasr
ZIRMU,43.43687,-70.60784,faa-nasr
ZIRNO,43.7386,-70.34231,faa-nasr
ZIRSO,43.55455,-70.26586,faa-nasr
ZISGA,41.70017,-71.24816,faa-nasr
ZIVSA,44.76393,-69.70404,faa-nasr
ZODBI,42.89729,-71.31447,faa-nasr
ZODED,42.04868,-71.29854,faa-nasr
ZOGTU,44.91412,-70.15589,faa-nasr
ZOMIB,42.53549,-71.23496,faa-nasr
ZOSTI,44.45228,-69.03425,faa-nasr
ZOTBO,44.17762,-68.9344,faa-nasr
ZOVTI,44.89215,-71.49277,faa-nasr
ZUDBY,42.36331,-70.97021,faa-nasr
ZUDEK,44.73426,-67.46237,faa-nasr
ZUGUR,44.66125,-69.88007,faa-nasr
ZULBU,44.32229,-71.84585,faa-nasr
ZUMOL,42.40519,-70.98559,faa-nasr
ZUMSI,44.75699,-68.7553,faa-nasr
ZUNAN,45.80249,-69.65486,faa-nasr
ZUNUX,41.63195,-70.80763,faa-nasr
ZUPRO,42.60403,-71.34709,faa-nasr
ZURIC,43.20456,-70.62158,faa-nasr
ZUROT,43.6292,-71.23027,faa-nasr
ZUTEG,45.63225,-70.23335,faa-nasr
ZUVAR,45.22776,-67.60989,faa-nasr
ZUVIK,43.6844,-70.26881,faa-nasr
ZUVLI,43.0239,-71.39082,faa-nasr
